-- phpMyAdmin SQL Dump
-- version 4.8.3
-- https://www.phpmyadmin.net/
--
-- Hôte : 192.168.0.10:3307
-- Généré le :  Dim 13 jan. 2019 à 15:09
-- Version du serveur :  10.3.7-MariaDB
-- Version de PHP :  7.0.30

SET SQL_MODE = "NO_AUTO_VALUE_ON_ZERO";
SET AUTOCOMMIT = 0;
START TRANSACTION;
SET time_zone = "+00:00";


/*!40101 SET @OLD_CHARACTER_SET_CLIENT=@@CHARACTER_SET_CLIENT */;
/*!40101 SET @OLD_CHARACTER_SET_RESULTS=@@CHARACTER_SET_RESULTS */;
/*!40101 SET @OLD_COLLATION_CONNECTION=@@COLLATION_CONNECTION */;
/*!40101 SET NAMES utf8mb4 */;

--
-- Base de données :  `SDIS29`
--
CREATE DATABASE IF NOT EXISTS `SDIS29` DEFAULT CHARACTER SET utf8mb4 COLLATE utf8mb4_general_ci;
USE `SDIS29`;

--
-- Déchargement des données de la table `caserne`
--

INSERT INTO `caserne` (`CIS_ID`, `CIS_NOM`) VALUES
(1, 'BREST\r\n'),
(2, 'CAMARET\r\n'),
(3, 'CROZON\r\n'),
(4, 'ILE DE OUESSANT\r\n'),
(5, 'LANDERNEAU\r\n'),
(6, 'LANNILIS\r\n'),
(7, 'LE FAOU\r\n'),
(8, 'LESNEVEN\r\n'),
(9, 'PLABENNEC\r\n'),
(10, 'PLOUDALMEZEAU\r\n'),
(11, 'PLOUGUERNEAU\r\n'),
(12, 'SAINT RENAN\r\n'),
(13, 'CHATEAULIN\r\n'),
(14, 'CONCARNEAU\r\n'),
(15, 'BANNALEC\r\n'),
(16, 'CLOHARS CARNOET\r\n'),
(17, 'CORAY\r\n'),
(18, 'ELLIANT\r\n'),
(19, 'LEUHAN\r\n'),
(20, 'MELGVEN\r\n'),
(21, 'MOELAN SUR MER\r\n'),
(22, 'PONT AVEN\r\n'),
(23, 'QUERRIEN\r\n'),
(24, 'QUIMPERLE\r\n'),
(25, 'RIEC SUR BELON\r\n'),
(26, 'ROSPORDEN\r\n'),
(27, 'SAINT THURIEN\r\n'),
(28, 'SCAER\r\n'),
(29, 'MORLAIX\r\n'),
(30, 'BRASPARTS\r\n'),
(31, 'CARHAIX\r\n'),
(32, 'GUERLESQUIN\r\n'),
(33, 'HUELGOAT\r\n'),
(34, 'ILE DE BATZ\r\n'),
(35, 'LANDIVISIAU\r\n'),
(36, 'LANMEUR\r\n'),
(37, 'PLOUESCAT\r\n'),
(38, 'PLOUGONVEN\r\n'),
(39, 'SAINT THEGONNEC\r\n'),
(40, 'SAINT POL DE LEON\r\n'),
(41, 'SIZUN\r\n'),
(42, 'CHATEAUNEUF DU FAOU\r\n'),
(43, 'PLEYBEN\r\n'),
(44, 'SAINT GOAZEC\r\n'),
(45, 'SPEZET\r\n'),
(46, 'QUIMPER\r\n'),
(47, 'BENODET\r\n'),
(48, 'BRIEC DE L\'ODET\r\n'),
(49, 'AUDIERNE\r\n'),
(50, 'PONT-CROIX\r\n'),
(51, 'CAP SIZUN - ILE DE SEIN\r\n'),
(52, 'DOUARNENEZ\r\n'),
(53, 'FOUESNANT\r\n'),
(54, 'LE GUILVINEC\r\n'),
(55, 'LOCTUDY\r\n'),
(56, 'PENMARC\'H\r\n'),
(57, 'PLOBANNALEC\r\n'),
(58, 'PLOMEUR\r\n'),
(59, 'PLONEOUR LANVERN\r\n'),
(60, 'PLOZEVET\r\n'),
(61, 'PONT L\'ABBE'),
(62, 'POULDREUZIC'),
(63, 'TREGOUREZ');

--
-- Déchargement des données de la table `exercer`
--

INSERT INTO `exercer` (`SP_MATRICULE`, `FCT_ID`) VALUES
('', ''),
('000', '00'),
('000', '01'),
('000', '16'),
('011', '02'),
('011', '16'),
('011', '17'),
('011', '19'),
('011', '25'),
('011', '27'),
('011', '29'),
('012', '01'),
('012', '02'),
('012', '06'),
('012', '17'),
('012', '19'),
('012', '25'),
('012', '27'),
('012', '29'),
('014', '01'),
('014', '02'),
('014', '16'),
('014', '17'),
('014', '22'),
('014', '25'),
('014', '27'),
('014', '29'),
('015', '00'),
('015', '02'),
('015', '16'),
('015', '17'),
('015', '19'),
('015', '25'),
('015', '27'),
('015', '29'),
('016', '01'),
('016', '02'),
('016', '04'),
('016', '17'),
('016', '20'),
('016', '25'),
('016', '27'),
('016', '29'),
('017', '00'),
('017', '02'),
('017', '15'),
('017', '17'),
('017', '18'),
('017', '25'),
('017', '27'),
('017', '29'),
('018', '01'),
('018', '02'),
('018', '15'),
('018', '17'),
('018', '21'),
('018', '25'),
('018', '27'),
('018', '29'),
('019', '00'),
('019', '02'),
('019', '14'),
('019', '17'),
('019', '21'),
('019', '25'),
('019', '27'),
('019', '28'),
('020', '01'),
('020', '02'),
('020', '06'),
('020', '17'),
('020', '19'),
('020', '25'),
('020', '27'),
('020', '29'),
('021', '02'),
('021', '11'),
('021', '17'),
('021', '19'),
('021', '25'),
('021', '27'),
('021', '29'),
('023', '00'),
('023', '02'),
('023', '06'),
('023', '17'),
('023', '21'),
('023', '25'),
('023', '27'),
('023', '28'),
('024', '00'),
('024', '02'),
('024', '14'),
('024', '17'),
('024', '19'),
('024', '25'),
('024', '27'),
('024', '29'),
('025', '00'),
('025', '02'),
('025', '08'),
('025', '17'),
('025', '19'),
('025', '25'),
('025', '27'),
('025', '28'),
('026', '00'),
('026', '02'),
('026', '03'),
('026', '17'),
('026', '20'),
('026', '25'),
('026', '27'),
('026', '29'),
('027', '00'),
('027', '02'),
('027', '04'),
('027', '17'),
('027', '19'),
('027', '25'),
('027', '27'),
('027', '28'),
('028', '01'),
('028', '02'),
('028', '13'),
('028', '17'),
('028', '19'),
('028', '25'),
('028', '27'),
('028', '29'),
('029', '01'),
('029', '02'),
('029', '15'),
('029', '17'),
('029', '24'),
('029', '25'),
('029', '27'),
('029', '28'),
('030', '00'),
('030', '02'),
('030', '07'),
('030', '17'),
('030', '19'),
('030', '25'),
('030', '27'),
('030', '28'),
('031', '01'),
('031', '02'),
('031', '10'),
('031', '17'),
('031', '19'),
('031', '25'),
('031', '27'),
('031', '28'),
('032', '01'),
('032', '02'),
('032', '03'),
('032', '04'),
('032', '17'),
('032', '20'),
('032', '25'),
('032', '27'),
('032', '28'),
('033', '00'),
('033', '02'),
('033', '03'),
('033', '17'),
('033', '23'),
('033', '25'),
('033', '27'),
('033', '28'),
('034', '01'),
('034', '02'),
('034', '12'),
('034', '17'),
('034', '18'),
('034', '25'),
('034', '27'),
('034', '29'),
('035', '00'),
('035', '02'),
('035', '04'),
('035', '17'),
('035', '24'),
('035', '25'),
('035', '27'),
('035', '29'),
('036', '01'),
('036', '02'),
('036', '07'),
('036', '17'),
('036', '22'),
('036', '25'),
('036', '27'),
('036', '29'),
('037', '01'),
('037', '02'),
('037', '04'),
('037', '05'),
('037', '17'),
('037', '21'),
('037', '25'),
('037', '27'),
('037', '28'),
('038', '01'),
('038', '02'),
('038', '04'),
('038', '17'),
('038', '18'),
('038', '25'),
('038', '27'),
('038', '29'),
('039', '00'),
('039', '02'),
('039', '14'),
('039', '17'),
('039', '20'),
('039', '25'),
('039', '27'),
('039', '28'),
('040', '00'),
('040', '02'),
('040', '09'),
('040', '17'),
('040', '20'),
('040', '25'),
('040', '27'),
('040', '29'),
('041', '00'),
('041', '02'),
('041', '12'),
('041', '17'),
('041', '20'),
('041', '25'),
('041', '27'),
('041', '28'),
('042', '01'),
('042', '02'),
('042', '16'),
('042', '17'),
('042', '19'),
('042', '25'),
('042', '27'),
('042', '29'),
('043', '00'),
('043', '02'),
('043', '09'),
('043', '17'),
('043', '22'),
('043', '25'),
('043', '27'),
('043', '28'),
('044', '01'),
('044', '02'),
('044', '08'),
('044', '11'),
('044', '13'),
('044', '15'),
('044', '17'),
('044', '24'),
('044', '25'),
('044', '27'),
('044', '28'),
('045', '01'),
('045', '02'),
('045', '12'),
('045', '17'),
('045', '24'),
('045', '25'),
('045', '27'),
('045', '28'),
('046', '01'),
('046', '02'),
('046', '09'),
('046', '17'),
('046', '22'),
('046', '25'),
('046', '27'),
('046', '29'),
('047', '01'),
('047', '02'),
('047', '08'),
('047', '17'),
('047', '21'),
('047', '25'),
('047', '27'),
('047', '29'),
('048', '01'),
('048', '02'),
('048', '14'),
('048', '17'),
('048', '22'),
('048', '25'),
('048', '27'),
('048', '29'),
('049', '00'),
('049', '02'),
('049', '06'),
('049', '07'),
('049', '17'),
('049', '19'),
('049', '25'),
('049', '27'),
('049', '29'),
('050', '01'),
('050', '02'),
('050', '05'),
('050', '17'),
('050', '21'),
('050', '25'),
('050', '27'),
('050', '29'),
('051', '00'),
('051', '02'),
('051', '07'),
('051', '17'),
('051', '20'),
('051', '25'),
('051', '27'),
('051', '28'),
('052', '01'),
('052', '02'),
('052', '08'),
('052', '17'),
('052', '19'),
('052', '25'),
('052', '27'),
('052', '29'),
('053', '01'),
('053', '02'),
('053', '11'),
('053', '16'),
('053', '17'),
('053', '24'),
('053', '25'),
('053', '27'),
('053', '28'),
('054', '00'),
('054', '02'),
('054', '14'),
('054', '17'),
('054', '21'),
('054', '25'),
('054', '27'),
('054', '29'),
('055', '01'),
('055', '02'),
('055', '14'),
('055', '17'),
('055', '21'),
('055', '25'),
('055', '27'),
('055', '29'),
('056', '01'),
('056', '02'),
('056', '07'),
('056', '17'),
('056', '20'),
('056', '25'),
('056', '27'),
('056', '29'),
('057', '01'),
('057', '02'),
('057', '04'),
('057', '17'),
('057', '18'),
('057', '25'),
('057', '27'),
('057', '29'),
('058', '00'),
('058', '02'),
('058', '11'),
('058', '17'),
('058', '18'),
('058', '25'),
('058', '27'),
('058', '29'),
('059', '01'),
('059', '02'),
('059', '03'),
('059', '10'),
('059', '17'),
('059', '22'),
('059', '25'),
('059', '27'),
('059', '28'),
('060', '01'),
('060', '02'),
('060', '05'),
('060', '17'),
('060', '23'),
('060', '25'),
('060', '27'),
('060', '28'),
('061', '00'),
('061', '02'),
('061', '13'),
('061', '17'),
('061', '21'),
('061', '25'),
('061', '27'),
('061', '29'),
('062', '00'),
('062', '02'),
('062', '05'),
('062', '17'),
('062', '23'),
('062', '25'),
('062', '27'),
('062', '29'),
('074', '00'),
('074', '02'),
('074', '14'),
('074', '17'),
('074', '18'),
('074', '25'),
('074', '27'),
('074', '28'),
('075', '01'),
('075', '02'),
('075', '07'),
('075', '17'),
('075', '20'),
('075', '25'),
('075', '27'),
('075', '28'),
('076', '01'),
('076', '02'),
('076', '022'),
('076', '06'),
('076', '17'),
('076', '25'),
('076', '27'),
('076', '29'),
('077', '00'),
('077', '02'),
('077', '08'),
('077', '17'),
('077', '22'),
('077', '25'),
('077', '27'),
('077', '28'),
('078', '00'),
('078', '02'),
('078', '09'),
('078', '17'),
('078', '19'),
('078', '25'),
('078', '27'),
('078', '29'),
('079', '01'),
('079', '02'),
('079', '11'),
('079', '17'),
('079', '22'),
('079', '25'),
('079', '27'),
('079', '28'),
('080', '01'),
('080', '02'),
('080', '07'),
('080', '10'),
('080', '17'),
('080', '23'),
('080', '25'),
('080', '27'),
('080', '29'),
('081', '01'),
('081', '02'),
('081', '08'),
('081', '17'),
('081', '23'),
('081', '25'),
('081', '27'),
('081', '28'),
('082', '01'),
('082', '02'),
('082', '06'),
('082', '17'),
('082', '24'),
('082', '25'),
('082', '27'),
('082', '29'),
('083', '01'),
('083', '02'),
('083', '16'),
('083', '17'),
('083', '21'),
('083', '25'),
('083', '27'),
('083', '29'),
('084', '00'),
('084', '02'),
('084', '03'),
('084', '04'),
('084', '17'),
('084', '18'),
('084', '25'),
('084', '27'),
('084', '29'),
('085', '00'),
('085', '02'),
('085', '04'),
('085', '17'),
('085', '21'),
('085', '25'),
('085', '27'),
('085', '29'),
('086', '00'),
('086', '02'),
('086', '09'),
('086', '11'),
('086', '17'),
('086', '19'),
('086', '25'),
('086', '27'),
('086', '29'),
('087', '01'),
('087', '02'),
('087', '10'),
('087', '17'),
('087', '19'),
('087', '25'),
('087', '27'),
('087', '29'),
('088', '00'),
('088', '02'),
('088', '13'),
('088', '17'),
('088', '23'),
('088', '25'),
('088', '27'),
('088', '28'),
('089', '00'),
('089', '02'),
('089', '03'),
('089', '12'),
('089', '17'),
('089', '22'),
('089', '25'),
('089', '27'),
('089', '28'),
('090', '00'),
('090', '02'),
('090', '05'),
('090', '09'),
('090', '17'),
('090', '20'),
('090', '25'),
('090', '27'),
('090', '29'),
('091', '00'),
('091', '02'),
('091', '04'),
('091', '17'),
('091', '24'),
('091', '25'),
('091', '27'),
('091', '28'),
('092', '00'),
('092', '02'),
('092', '04'),
('092', '17'),
('092', '23'),
('092', '25'),
('092', '27'),
('092', '29'),
('093', '01'),
('093', '02'),
('093', '04'),
('093', '17'),
('093', '19'),
('093', '25'),
('093', '27'),
('093', '28'),
('094', '00'),
('094', '02'),
('094', '04'),
('094', '17'),
('094', '21'),
('094', '25'),
('094', '27'),
('094', '29'),
('095', '00'),
('095', '02'),
('095', '16'),
('095', '17'),
('095', '20'),
('095', '25'),
('095', '27'),
('095', '28'),
('096', '00'),
('096', '02'),
('096', '10'),
('096', '17'),
('096', '20'),
('096', '25'),
('096', '27'),
('096', '29'),
('097', '00'),
('097', '02'),
('097', '16'),
('097', '17'),
('097', '23'),
('097', '25'),
('097', '27'),
('097', '29'),
('098', '01'),
('098', '02'),
('098', '05'),
('098', '17'),
('098', '22'),
('098', '25'),
('098', '27'),
('098', '28'),
('099', '00'),
('099', '02'),
('099', '04'),
('099', '09'),
('099', '10'),
('099', '11'),
('099', '13'),
('099', '16'),
('099', '17'),
('099', '18'),
('099', '25'),
('099', '27'),
('099', '28'),
('099', '29'),
('1', '00'),
('1', '01'),
('1', '14'),
('1', '16'),
('1', '19'),
('1', '25'),
('100', '01'),
('100', '02'),
('100', '11'),
('100', '17'),
('100', '22'),
('100', '25'),
('100', '27'),
('100', '28'),
('101', '00'),
('101', '02'),
('101', '10'),
('101', '17'),
('101', '20'),
('101', '25'),
('101', '27'),
('101', '29'),
('102', '01'),
('102', '02'),
('102', '15'),
('102', '17'),
('102', '18'),
('102', '25'),
('102', '27'),
('102', '29'),
('103', '00'),
('103', '02'),
('103', '09'),
('103', '17'),
('103', '19'),
('103', '25'),
('103', '27'),
('103', '29'),
('104', '01'),
('104', '02'),
('104', '05'),
('104', '06'),
('104', '09'),
('104', '14'),
('104', '17'),
('104', '22'),
('104', '25'),
('104', '27'),
('104', '29'),
('105', '00'),
('105', '02'),
('105', '06'),
('105', '17'),
('105', '18'),
('105', '25'),
('105', '27'),
('105', '28'),
('106', '01'),
('106', '02'),
('106', '09'),
('106', '17'),
('106', '22'),
('106', '25'),
('106', '27'),
('106', '28'),
('107', '00'),
('107', '02'),
('107', '11'),
('107', '16'),
('107', '17'),
('107', '20'),
('107', '25'),
('107', '27'),
('107', '28'),
('108', '01'),
('108', '02'),
('108', '03'),
('108', '13'),
('108', '17'),
('108', '18'),
('108', '25'),
('108', '27'),
('108', '29'),
('109', '00'),
('109', '02'),
('109', '12'),
('109', '17'),
('109', '23'),
('109', '25'),
('109', '27'),
('109', '28'),
('11', '00'),
('110', '00'),
('110', '02'),
('110', '06'),
('110', '11'),
('110', '17'),
('110', '23'),
('110', '25'),
('110', '27'),
('110', '29'),
('111', '00'),
('111', '02'),
('111', '06'),
('111', '17'),
('111', '20'),
('111', '25'),
('111', '27'),
('111', '28'),
('112', '01'),
('112', '02'),
('112', '05'),
('112', '17'),
('112', '20'),
('112', '25'),
('112', '27'),
('112', '28'),
('113', '01'),
('113', '02'),
('113', '10'),
('113', '17'),
('113', '23'),
('113', '25'),
('113', '27'),
('113', '28'),
('114', '01'),
('114', '02'),
('114', '06'),
('114', '17'),
('114', '18'),
('114', '25'),
('114', '27'),
('114', '29'),
('115', '00'),
('115', '02'),
('115', '07'),
('115', '17'),
('115', '23'),
('115', '25'),
('115', '27'),
('115', '29'),
('116', '00'),
('116', '02'),
('116', '07'),
('116', '17'),
('116', '24'),
('116', '25'),
('116', '27'),
('116', '29'),
('117', '01'),
('117', '02'),
('117', '12'),
('117', '14'),
('117', '17'),
('117', '19'),
('117', '25'),
('117', '27'),
('117', '29'),
('118', '01'),
('118', '02'),
('118', '06'),
('118', '17'),
('118', '22'),
('118', '25'),
('118', '27'),
('118', '28'),
('119', '00'),
('119', '02'),
('119', '06'),
('119', '17'),
('119', '22'),
('119', '25'),
('119', '27'),
('119', '29'),
('120', '01'),
('120', '02'),
('120', '03'),
('120', '05'),
('120', '17'),
('120', '19'),
('120', '25'),
('120', '27'),
('120', '29'),
('121', '00'),
('121', '02'),
('121', '12'),
('121', '13'),
('121', '17'),
('121', '19'),
('121', '25'),
('121', '27'),
('121', '29'),
('122', '01'),
('122', '02'),
('122', '05'),
('122', '17'),
('122', '22'),
('122', '25'),
('122', '27'),
('122', '29'),
('123', '00'),
('123', '02'),
('123', '08'),
('123', '10'),
('123', '17'),
('123', '22'),
('123', '25'),
('123', '27'),
('123', '28'),
('124', '00'),
('124', '02'),
('124', '12'),
('124', '17'),
('124', '22'),
('124', '25'),
('124', '27'),
('124', '28'),
('125', '01'),
('125', '02'),
('125', '12'),
('125', '13'),
('125', '17'),
('125', '22'),
('125', '25'),
('125', '27'),
('125', '29'),
('13', '01'),
('13', '02'),
('13', '13'),
('13', '17'),
('13', '20'),
('13', '25'),
('13', '27'),
('13', '29'),
('137', '00'),
('137', '02'),
('137', '13'),
('137', '17'),
('137', '20'),
('137', '25'),
('137', '27'),
('137', '29'),
('138', '01'),
('138', '02'),
('138', '15'),
('138', '17'),
('138', '20'),
('138', '25'),
('138', '27'),
('138', '29'),
('139', '01'),
('139', '02'),
('139', '028'),
('139', '10'),
('139', '17'),
('139', '23'),
('139', '25'),
('139', '27'),
('140', '01'),
('140', '02'),
('140', '06'),
('140', '17'),
('140', '23'),
('140', '25'),
('140', '27'),
('140', '29'),
('141', '01'),
('141', '02'),
('141', '11'),
('141', '17'),
('141', '20'),
('141', '25'),
('141', '27'),
('141', '28'),
('142', '01'),
('142', '02'),
('142', '10'),
('142', '17'),
('142', '21'),
('142', '25'),
('142', '27'),
('142', '29'),
('143', '00'),
('143', '02'),
('143', '04'),
('143', '17'),
('143', '18'),
('143', '25'),
('143', '27'),
('143', '28'),
('144', '01'),
('144', '02'),
('144', '07'),
('144', '13'),
('144', '17'),
('144', '22'),
('144', '25'),
('144', '27'),
('144', '29'),
('145', '01'),
('145', '02'),
('145', '09'),
('145', '17'),
('145', '23'),
('145', '25'),
('145', '27'),
('145', '28'),
('146', '00'),
('146', '02'),
('146', '13'),
('146', '17'),
('146', '19'),
('146', '25'),
('146', '27'),
('146', '28'),
('147', '00'),
('147', '02'),
('147', '07'),
('147', '17'),
('147', '18'),
('147', '25'),
('147', '27'),
('147', '28'),
('148', '00'),
('148', '02'),
('148', '13'),
('148', '17'),
('148', '20'),
('148', '25'),
('148', '27'),
('148', '28'),
('149', '00'),
('149', '02'),
('149', '11'),
('149', '17'),
('149', '21'),
('149', '25'),
('149', '27'),
('149', '29'),
('150', '01'),
('150', '02'),
('150', '12'),
('150', '15'),
('150', '17'),
('150', '21'),
('150', '25'),
('150', '27'),
('150', '28'),
('151', '01'),
('151', '02'),
('151', '03'),
('151', '16'),
('151', '17'),
('151', '19'),
('151', '25'),
('151', '27'),
('151', '28'),
('152', '01'),
('152', '02'),
('152', '14'),
('152', '17'),
('152', '21'),
('152', '25'),
('152', '27'),
('152', '29'),
('153', '00'),
('153', '02'),
('153', '07'),
('153', '17'),
('153', '20'),
('153', '25'),
('153', '27'),
('153', '29'),
('154', '00'),
('154', '02'),
('154', '06'),
('154', '17'),
('154', '23'),
('154', '25'),
('154', '27'),
('154', '28'),
('155', '00'),
('155', '02'),
('155', '07'),
('155', '08'),
('155', '13'),
('155', '14'),
('155', '15'),
('155', '17'),
('155', '20'),
('155', '25'),
('155', '27'),
('155', '28'),
('156', '00'),
('156', '02'),
('156', '09'),
('156', '17'),
('156', '22'),
('156', '25'),
('156', '27'),
('156', '29'),
('157', '00'),
('157', '02'),
('157', '15'),
('157', '17'),
('157', '24'),
('157', '25'),
('157', '27'),
('157', '28'),
('158', '00'),
('158', '02'),
('158', '03'),
('158', '17'),
('158', '20'),
('158', '25'),
('158', '27'),
('158', '28'),
('159', '01'),
('159', '02'),
('159', '06'),
('159', '17'),
('159', '23'),
('159', '25'),
('159', '27'),
('159', '28'),
('160', '01'),
('160', '02'),
('160', '06'),
('160', '08'),
('160', '17'),
('160', '24'),
('160', '25'),
('160', '27'),
('160', '28'),
('161', '00'),
('161', '02'),
('161', '10'),
('161', '17'),
('161', '18'),
('161', '25'),
('161', '27'),
('161', '29'),
('162', '00'),
('162', '02'),
('162', '10'),
('162', '15'),
('162', '17'),
('162', '24'),
('162', '25'),
('162', '27'),
('162', '28'),
('163', '00'),
('163', '02'),
('163', '15'),
('163', '17'),
('163', '21'),
('163', '25'),
('163', '27'),
('163', '29'),
('164', '00'),
('164', '02'),
('164', '11'),
('164', '17'),
('164', '18'),
('164', '25'),
('164', '27'),
('164', '28'),
('165', '01'),
('165', '02'),
('165', '14'),
('165', '17'),
('165', '22'),
('165', '25'),
('165', '27'),
('165', '28'),
('166', '01'),
('166', '02'),
('166', '03'),
('166', '17'),
('166', '22'),
('166', '25'),
('166', '27'),
('166', '29'),
('167', '01'),
('167', '02'),
('167', '03'),
('167', '17'),
('167', '23'),
('167', '25'),
('167', '27'),
('167', '29'),
('168', '00'),
('168', '02'),
('168', '09'),
('168', '17'),
('168', '21'),
('168', '25'),
('168', '27'),
('168', '29'),
('169', '01'),
('169', '02'),
('169', '13'),
('169', '17'),
('169', '18'),
('169', '25'),
('169', '27'),
('169', '29'),
('170', '00'),
('170', '02'),
('170', '07'),
('170', '17'),
('170', '20'),
('170', '25'),
('170', '27'),
('170', '29'),
('171', '00'),
('171', '02'),
('171', '11'),
('171', '17'),
('171', '21'),
('171', '25'),
('171', '27'),
('171', '29'),
('172', '01'),
('172', '02'),
('172', '05'),
('172', '12'),
('172', '17'),
('172', '24'),
('172', '25'),
('172', '27'),
('172', '29'),
('173', '01'),
('173', '02'),
('173', '15'),
('173', '17'),
('173', '19'),
('173', '25'),
('173', '27'),
('173', '28'),
('174', '01'),
('174', '02'),
('174', '03'),
('174', '17'),
('174', '24'),
('174', '25'),
('174', '27'),
('174', '28'),
('175', '00'),
('175', '02'),
('175', '05'),
('175', '11'),
('175', '17'),
('175', '22'),
('175', '25'),
('175', '27'),
('175', '28'),
('176', '01'),
('176', '02'),
('176', '13'),
('176', '17'),
('176', '20'),
('176', '25'),
('176', '27'),
('176', '28'),
('177', '00'),
('177', '02'),
('177', '11'),
('177', '17'),
('177', '20'),
('177', '25'),
('177', '27'),
('177', '29'),
('178', '01'),
('178', '02'),
('178', '05'),
('178', '17'),
('178', '21'),
('178', '25'),
('178', '27'),
('178', '28'),
('179', '01'),
('179', '02'),
('179', '05'),
('179', '17'),
('179', '18'),
('179', '25'),
('179', '27'),
('179', '28'),
('180', '00'),
('180', '02'),
('180', '04'),
('180', '12'),
('180', '17'),
('180', '24'),
('180', '25'),
('180', '27'),
('180', '29'),
('181', '00'),
('181', '02'),
('181', '11'),
('181', '17'),
('181', '23'),
('181', '25'),
('181', '27'),
('181', '28'),
('182', '00'),
('182', '02'),
('182', '06'),
('182', '17'),
('182', '22'),
('182', '25'),
('182', '27'),
('182', '28'),
('183', '00'),
('183', '02'),
('183', '05'),
('183', '17'),
('183', '24'),
('183', '25'),
('183', '27'),
('183', '29'),
('184', '01'),
('184', '02'),
('184', '04'),
('184', '06'),
('184', '08'),
('184', '11'),
('184', '17'),
('184', '18'),
('184', '23'),
('184', '25'),
('184', '27'),
('184', '29'),
('185', '00'),
('185', '02'),
('185', '06'),
('185', '17'),
('185', '24'),
('185', '25'),
('185', '27'),
('185', '29'),
('186', '01'),
('186', '02'),
('186', '07'),
('186', '17'),
('186', '18'),
('186', '25'),
('186', '27'),
('186', '28'),
('187', '01'),
('187', '02'),
('187', '11'),
('187', '17'),
('187', '18'),
('187', '25'),
('187', '27'),
('187', '29'),
('188', '00'),
('188', '02'),
('188', '13'),
('188', '17'),
('188', '21'),
('188', '25'),
('188', '27'),
('188', '28'),
('197', '01'),
('197', '02'),
('197', '05'),
('197', '17'),
('197', '19'),
('197', '25'),
('197', '27'),
('197', '28'),
('199', '00'),
('199', '02'),
('199', '07'),
('199', '10'),
('199', '17'),
('199', '19'),
('199', '25'),
('199', '27'),
('199', '28'),
('201', '00'),
('201', '12'),
('201', '23'),
('201', '26'),
('20187', '00'),
('20187', '03'),
('20187', '07'),
('20187', '13'),
('21', '00'),
('302', '00'),
('302', '01'),
('302', '02'),
('302', '16'),
('304', '01'),
('304', '10'),
('304', '11'),
('304', '12'),
('305', '00'),
('305', '01'),
('305', '13'),
('305', '14'),
('306', '07'),
('306', '11'),
('306', '16'),
('306', '17'),
('307', '00'),
('307', '17'),
('307', '23'),
('307', '29'),
('308', '05'),
('308', '15'),
('308', '25'),
('308', '26'),
('308', '27'),
('309', '11'),
('309', '22'),
('309', '25'),
('309', '26'),
('310', '00'),
('310', '18'),
('310', '25'),
('311', '00'),
('311', '16'),
('311', '26'),
('312', '07'),
('312', '11'),
('312', '12'),
('312', '17'),
('312', '19'),
('313', '00'),
('313', '18'),
('313', '20'),
('313', '26'),
('314', '00'),
('314', '01'),
('314', '11'),
('314', '17'),
('315', '20'),
('315', '21'),
('315', '22'),
('315', '24'),
('316', '02'),
('316', '07'),
('316', '14'),
('316', '23'),
('316', '26'),
('317', '11'),
('317', '12'),
('317', '21'),
('318', '00'),
('318', '09'),
('319', '18'),
('319', '24'),
('319', '25'),
('319', '26');

--
-- Déchargement des données de la table `fonction`
--

INSERT INTO `fonction` (`FCT_ID`, `FCT_LIBELLE`) VALUES
('12', 'COND SACPS'),
('11', 'COND FPTFDN'),
('10', 'COND FPT'),
('00', 'CA CCGC'),
('01', 'CA VLHR'),
('13', 'COND VLHR'),
('14', 'COND VLU'),
('15', 'COND VSAV_OP3'),
('16', 'COND VTU'),
('17', 'EQU CCGC'),
('18', 'EQU EAU INT'),
('19', 'EQU FPT'),
('02', 'CA VLU'),
('20', 'EQU FPTFDN'),
('21', 'EQU MER'),
('22', 'EQU SACPS'),
('23', 'EQU VLHR'),
('24', 'EQU VLU'),
('25', 'EQU VSAV'),
('26', 'EQU VSAV_OP3'),
('27', 'EQU VTU'),
('28', 'OPE MODERATO'),
('29', 'SOUTIEN BLS'),
('03', 'CA VSAV 4/5'),
('04', 'CA VSAV_OP3'),
('05', 'CA VTU'),
('06', 'CE FPTFDN'),
('07', 'CE1 FPT'),
('08', 'CE2 FPT'),
('09', 'COND CCGC');

--
-- Déchargement des données de la table `formation`
--

INSERT INTO `formation` (`FOR_ID`, `FCT_ID`, `FOR_LIBELLE`, `FOR_DTE_DEBUT`, `FOR_DTE_FIN`, `FOR_CAPACITE`, `FOR_SALLE`, `FOR_ADRESSE`, `FOR_CP`, `FOR_VILLE`, `FOR_DESCRIPTION`) VALUES
('FDF1/1', '00', 'CA CCGC', '2018-07-15', '2018-07-21', 29, 'CS BREST', '17 Rue Amiral Romain Desfosses', '29200', 'BREST', 'Formation Chef d\'Agrès CCGC'),
('1', '01', 'CA VLHR', '2018-08-15', '2018-08-21', 30, 'CS CAMARET', 'Place St Ives', '29570', 'CAMARET-SUR-MER', 'Formation Chef d\'Agrès VLHR'),
('10', '10', 'COND FPT', '2019-01-01', '2019-01-05', 30, 'CS CAMARET', 'Place St Ives', '29570', 'CAMARET-SUR-MER', 'Formation Conducteur FPT'),
('13', '13', 'COND VLHR', '2019-01-01', '2019-01-05', 20, 'CS BREST', '17 Rue Amiral Romain Desfosses', '29200', 'BREST', 'Formation Conducteur VLHR'),
('15', '15', 'COND VSAV', '2018-04-09', '2018-04-13', 30, 'CS CAMARET', 'Place St Ives', '29570', 'CAMARET-SUR-MER', 'Conduite Préventive (VSAV)'),
('14', '17', 'COND VTU', '2018-04-09', '2018-04-13', 20, 'CS BREST', '17 Rue Amiral Romain Desfosses', '29200', 'BREST', 'Formation Conducteur VTU'),
('12', '18', 'FEI2', '2018-04-22', '2018-04-28', 45, 'CS CAMARET', 'Place St Ives', '29570', 'CAMARET-SUR-MER', 'Formation INCENDIE 2'),
('2', '02', 'CA VLU', '2018-09-05', '2018-09-11', 30, 'CS CONCARNEAU', 'Rue du Poteau Vert', '29900', 'CONCARNEAU', 'Formation Chef d\'Agrès VLU'),
('11', '25', 'SAPEQ2', '2018-07-22', '2018-07-28', 45, 'CS CAMARET', 'Place St Ives', '29570', 'CAMARET-SUR-MER', 'Formation SAP EQUIPIER 2'),
('3', '03', 'CA VSAV4/5', '2018-07-15', '2018-07-21', 30, 'CS BREST', '17 Rue Amiral Romain Desfosses', '29200', 'BREST', 'Formation Chef d\'Agrès VSAV 4/5'),
('FDF1/2', '00', 'Test_ajout', '2018-05-23', '2018-05-26', 10, 'NULL', '32 Route de Quimper', '29200', 'Brest', 'Test de l\'ajout');

--
-- Déchargement des données de la table `grade`
--

INSERT INTO `grade` (`GRA_ID`, `GRA_LIBELLE`) VALUES
('11', 'CAPITAINE'),
('10', 'LIEUTENANT'),
('9', 'MAJOR'),
('8', 'ADJUDANT-CHEF'),
('7', 'ADJUDANT'),
('6', 'SERGENT-CHEF'),
('5', 'SERGENT'),
('4', 'CAPORAL-CHEF'),
('3', 'CAPORAL'),
('2', 'SAPEUR 1ère CLASSE'),
('1', 'SAPEUR 2ème CLASSE'),
('0', 'Auxiliaire\n'),
('12', 'COMMANDANT'),
('13', 'LIEUTENANT-COLONEL'),
('14', 'COLONEL');

--
-- Déchargement des données de la table `inscrire`
--

INSERT INTO `inscrire` (`SP_MATRICULE`, `FOR_ID`) VALUES
('000', '1'),
('000', '6'),
('1', '1'),
('1', '6'),
('1', '8'),
('20187', '13'),
('20187', '6'),
('302', '1'),
('302', '6');

--
-- Déchargement des données de la table `login`
--

INSERT INTO `login` (`LOG_LOGIN`, `SP_MATRICULE`, `LOG_MDP`, `LOG_NOM`, `LOG_PRENOM`, `LOG_PROFIL`) VALUES
('046', '046', '9122a7b993b9e3d93c3344fb63a9cd419e8c82cbc2d917f3fff511e34f920450941dea81ed1f293bfb0a082c2fc02325c1e1cbed12ffea3cc0947a671603b8ea', 'Lefevre', 'Lana', 2),
('045', '045', '311d2e87014a501314438b33cbe6c6f0b98209c4046d906c8349020acad020761a6bd6889e01065034df119ace9af4dd93c25766e6faa6a5a22bfc6d018049c0', 'Gerard', 'Lily', 1),
('044', '044', '480a5e3a4f742d25868b68014ec37590f39684fc9431dd05730b8eb4528072b8de596248f569b43449ecf32a859e68e779582fb1468d80a76c6705d76687adad', 'Andre', 'Mélissa', 3),
('043', '043', '8329dd4b63afa5065f6632d8d905ac3c4a2453a8f3f8ad1673494310d4473e9ce92c7081bee5e726fb539cb79a71062031184080e752c3487fdcadc54ac6511e', 'Sanchez', 'Jeanne', 2),
('042', '042', 'a3c51313fb5d07c4667decda07fe39467edcce7d2ad3c81a616d4645f8dfde92fcf960d613c0122f0ef1dfe8bd3a4b787b0e1e823a3d2bd362b084ebc0ce393a', 'Girard', 'Lina', 1),
('041', '041', 'a43f98b411bd6ce8afab50cfc2aed41b27bf242de85b118423b0d9bec38bb7eeb8007abf62d9aa93f5d38fe26bc21b9e65bf3eaae9bf2caac3de7c9021f95048', 'Masson', 'Lou', 3),
('040', '040', '45ef36cd3a297bb900b95f233333d2d7ae495a03a7acfee043fc602eddb97e6b140e581413664cd71755626e0ccd5e008dcbc8d0adeb06c8c9dc8334e55a416d', 'Morel', 'Laura', 2),
('039', '039', '1cd003ab5288e773d78ccdc29299ca95c49e5db0a24787507c7cec287309104df48064e7d6f42e54b3d65ab17a5d876f1461834f162303d498d20eb9bffd8989', 'Robin', 'Charlotte', 1),
('038', '038', '56e07b963d3dfeb3b209fc8caac240d6e60702d91022a01e05e251f6d66e7806f60ca6dd641482f346935b834b2bad674937f97dfa2392054914f9a5062acc9c', 'Fournier', 'Noémie', 3),
('037', '037', 'c6e02b431e72baf9a37f56553ac65ef1319f530ee90388916d45df3bedeb8f1d42f94c6d9c55601c5bc455dbb92501732aee3fdc6643a58d6df67cd1569f57ce', 'Chevalier', 'Alice', 2),
('036', '036', '5991ea2be31025b29d53a1082b37b10bd03c144cfd8eebcaa172f16558162206deb0ee38addfcc4571ab241f9ad611e89cd3a00c34345e740c8fb2e53f478ef4', 'Vincent', 'Maéva', 1),
('035', '035', '82aa0a48349a750fe79b2b8a1250a3c8b7d21475cb3a3fd6c281783cdb1d1b625426cb315350e4bd4ddbe948ea69921f53fae45d30d65c1c19557da6d752b925', 'Fontaine', 'Pauline', 3),
('034', '034', '1e54f35dc824406fbf63b22ee22701c683a4e9618c37af853d99e35f486445617c77499f5caf85a5b9e3eb3449a018b3ded22f1217ef8ad0b7383d56777c4bd6', 'Roux', 'Célia', 2),
('033', '033', 'f1f1172cc900474683d5f6ac0d7a17767156137c03e4ffef05828447f6ca96b6f98dcf43bc8bbb4631cc683e436ad32e2415c198f460d7d530b0da00c7120d28', 'Lopez', 'élisa', 1),
('032', '032', 'c920cd59d08bfc66e3fa05fc471ce69bc494391f401ae9e7dbc57fe08911494e4f678ccb217c3bd9979b61ad6ea7df7e5c9a572369b88b5f5b0c17dc629a4f95', 'Bertrand', 'Justine', 3),
('031', '031', '7f0d84e3da9a178c5f4902659706affd101094910777c461f1edf64aca6dec7c5a45a324f136d61929d2d40a72fc2a763084e970d524739b4547a97373d8cdf8', 'Dumont', 'Louna', 2),
('030', '030', 'f7e5432abba47f7a4f1d5622afe6ebcf57f2f41a0efb8d959f97ae3622f57158690e94ac8f6dee489f9d713cf96c9cf99b030afb4fc4c6bcdbf1bf543335f4ad', 'David', '?milie', 1),
('029', '029', 'cd8ba195b7712c092e247bdeb38058a7e394d27d66467b6daf3e514c06f29772be66097105a25789692e8582e31b50082d91f91a616b0a2da52c821275d323f5', 'Gauthier', 'Clémence', 3),
('028', '028', '50930d9480caa382a7c10c9e5d72e35315f71cb46ee36f2ad4120df2da44367713becfb1bdc580fa054395e97b2d1b16415eda28afc2d9dc8142a271ffb40316', 'Garcia', 'Maelys', 2),
('027', '027', 'ab9988a467b137fa4f9ee23e68f6b791fa573491c8c26949b5478cb22d8d665f231545ac4709677c80d818f537a1e0bdeabe4b946fc2c528c86ba9e3844da50d', 'Clement', 'Zoé', 1),
('026', '026', '44ff3b248040c66d944c9b5d26d4dd94011449eb8b8d3437796fd346361ac7e48f572cf888242ea7e87a6108244f10e75f54d914c33f951b3121f298b5056327', 'Michel', 'Mathilde', 3),
('025', '025', '06c88c97b36692de9acb7f396529090da6fd5f74d2b1d094b2e96582593ed0d655370b100491ade366e4067524559a0d7af20c2dcc6d90d94cbfea0b6c7e27c2', 'Mathieu', 'Louise', 2),
('024', '024', 'a8482f0d2b120e1d879f1e69fa10b3a9f4b5b7e6c0ef2541ebcdd38a989dd1347b077d2040e444ecf75308f98c055bc18ee1e796502bbb6b1337a8f79e956932', 'Lefebvre', 'Lisa', 1),
('023', '023', 'fde54838895a6d5985474e93ba8a7cfc6e2d42aa1130c6388d1ab76bec3d2bc56d9f6060033a5cae24015ff8140e6e63f9101fe2078a41e561fc69d7d0469bfc', 'Morin', 'Maïwenn', 3),
('308', '308', 'd802eab0a9aba2355c1f7aaf9de6c2313d10e2f0ef477a24117143e378e49f614a36375737920f98da77bf98bd62f7641887d5bb49a0603ce44edcc52d75e4ec', 'Jacob', 'Jean', 1),
('021', '021', 'abf609def1ee812b000bb563a8866bc35e1e1cabbd9a18b271f0c1a71d6962c9ca7f652ca0df94937793d7269094877f5b1431fb9f99126003660f5334ba3bfd', 'Perrin', 'Inès', 1),
('020', '020', 'e7a0ca1ae078407ce5d49e73735ea104b7db2d1367d3033b7d70701fbcb22ebac688565fcbf81f26607a89a736e317c508a6b3357f4ef43428c6bec4f0e5ede8', 'Simon', 'Océane', 3),
('019', '019', 'fd1ecab74e146c100290ec096476c7061c19efaf79a12a268bca048caa25a534901d0dfca3e62d03a3ac0ddd9d4ae11c5a5798a27815bc2a15a66c0fe798cccd', 'Nicolas', 'Lilou', 2),
('018', '018', 'b63d70c5f420dae3c41c9e3d582175d63a2dfff6f1faffbeb305b3e258c26651c66f5bed335d06fe5268903228234dd00e7fd068f4cd62839053632e170a9278', 'Moreau', 'Ambre', 1),
('017', '017', '8b985b5863d777b4cd64e308f02dd9bfb8e70a286946781722393dc217afcce7dffb107cc316920a8fc86fdc3ca2099b1962e113591da82c9d5fc827835829b2', 'Roussel', 'Agathe', 3),
('016', '016', 'bf7e22f0a50be778c4684148534ced049ae5f9207a3c7ddcd6d3aab8e95525a416e0c2cf239ca5e0ac4e3a93d9843b6f1f55716e85d7b5bc3ed491510cc2ce14', 'Leroy', 'Manon', 2),
('015', '015', 'd9419a8c4a78d89a48b0d94a3e09bf82bea9bf5c08640811e63302e22fbbe438814252870ad1ce373acdea31a9ec3837e3ba81f25f0dc63199fe4278418c2901', 'Henry', 'Emma', 1),
('014', '014', '8fa69d8f1a17906d077f175633deb8f4eae0f2093b18ff3da46acfae074138a91702538650fb244aa33fd5be4de6c0025e71b2eaaadf332b74659630208783c4', 'Durand', 'Romane', 3),
('013', '013', '81be757b4c1b21d2ffed844dee8117f9555726cc9a5f0f232ac2978e2aad172fd2d373ce785d2f89c5ad2b56063e9361da51063b799527e4952c65c9d0c5eace', 'Muller', 'Jade', 2),
('012', '012', '7d1c997b5ed772a04a84d957b061f425fcc170c25f7ecd9b47d3e83bcf66cc7564d158d23edab330bf89f6a04e0cd0121999ecf78d013065dc2cd760ca6d9cad', 'Petit', 'Sarah', 1),
('011', '011', '029caa7fa7ab3d41af90d717dc8a69cdef86737c28908246101116e58c95d8a959bf3630de5baa8560c15e0f48c60ce5bf1e66b2597d728bcb37be5137ea1a82', 'Guerin', 'Lucie', 3),
('302', '302', '5658c70cc19b32c698b764ef4d661f13d790a0110c17aa00cbd378f5e644207d417dfb2baf6aa2cc2508a4e4255b552edeaa467f6d9c219f7ed059447a5fe142', 'Pouliquen', 'Julien', 1),
('307', '307', '8c0106d8b718e84dd4b3ea1d544ca7dc957ce0f1feb8e369b64a8702e18e8f4010296ab6d7ddefe0b1d0e94ea63304cb1e7cadb094546909a474d2799caf38db', 'Jacques', 'Émilie', 2),
('188', '188', '0e691d50b613d0b6b56db52b6abedc127b210d2da2106a9a45523ed1e690fe36bde85ed9ab411d476650fd6b96d499e750846e9d3864a376c0d225e51ca25c6f', 'Perrier', 'Aaron', 2),
('187', '187', '8d7928a0c57e52f34ede6444ff36080cfdb2f618f4e68f7791458740dd52dba35b33ea2a78c37f1536a8bc56183f2ef0202dac10e755aac659781c66d30adecb', 'Rossi', 'Gaspard', 1),
('186', '186', '4d00fbcfa5dc60fb72e5aa15ed97f79f7a7b5e3b5976ee17721891b749cf9b6822c2bf361d9b21e7860a778dd1ee12ec8b80b889ac59a8b01abd39f4c43a92e5', 'Gonéalves', 'Marwane', 3),
('185', '185', 'c4e0512a563d4d972fab6ca34753cbd41eea7c72a958588e93eebed9b92094b9b2e4a48375ff08a3cdcddb7a624bc49f6ab0c1c8f6fe1275e8a47ba1eb9a4a7f', 'Joubert', 'Colin', 2),
('184', '184', '98f61111a243e3bc83a5cac7e8a5f9bbe6f8ca7de9db2838a5996543020238f30fc0eee5e2d399a95b5dd6f1a2e20534adead5fd8bd81b5e74d714ba2ea31c09', 'Alexandre', 'Gilbert', 1),
('183', '183', 'a872d0cebd11c67f6d127629eaceff922deba9689c917d925769c5d25d3c297d8b85b1e1a25aa23906a6eb9795d55cc4754ec30d1724df8bd5297eea4486bb94', 'Dupond', 'Yohan', 3),
('182', '182', 'cf3c6938782fe1327a9a69b70bfde3e26accf88b61fad3da3468406ab41d0293da5f3c7cb443c846ac0ceadba6af4d9359778bba1afadf5c4294833238ada2c0', 'Leblanc', 'Roméo', 2),
('181', '181', '3afd309c46b9c1bb547c9682e837870e1d2ff4615e9530a24396343fea7d114cd97082712d290ae36e7f22a90926cdf2ce812234dc018f9fcfcc26c53fc41bba', 'Marion', 'Félix', 1),
('180', '180', '7454bdd06d6356d2226532190c2bcc12963422c8f571fcbd9cc42f694fa1ef10ef6f2b79e9d7dcc64009f547ae2e59e6d7c9222d9cbda553f2cf892f1fe217e3', 'Bertin', 'Timothée', 3),
('179', '179', 'e97cb9d729db53946f05b1a44da08b6b6794eb7809b2c2428222e9fe2317149d2676e60a59262ceacdc31f6b80ec8c030fd548afc1f2607e096cf5df5714870e', 'Levy', 'Bruno', 2),
('178', '178', '52dd94501accf323e2f6ef8cc1ba326a41b058cfa620ae4749228a6b612052194c69379f33e33e4f305eba0eff96bf9d115fb4d17fb62e53dd0d769e7ace5ca4', 'Lesage', 'Renaud', 1),
('177', '177', '2004968582305886d14bfacfc621af1955b1e1f4c594f6bc91f4e9f9963e66ff2554449faa08f69cb9af0fb4355561cab30d9fa28bd956d08140c0bfe33fda5e', 'Mallet', 'Léon', 3),
('176', '176', 'b186a8f03512b896442c62d1ce4814f2c53b70ef277db6e8da67921c5f4c93bc733505ae905eef1407df2a609580488257b95b0f73397d0c0d25acc77ffc6d45', 'Cousin', 'Davy', 2),
('175', '175', '0e8f9f74ab3cd969e3bf4fab1e2e2f0662ac39871b5425f4315e82659c579b3752e849d3780c52b5ef263e38bfe01648d4922db5811dff370f6d720d1b0294ec', 'Chevallier', 'Elouan', 1),
('174', '174', '234b6e91aac9fa462289d9b2f9bb470cb89fae301f2d687b12359f0dd63a954edf7881ec5560c67faedf91c5b9957b688f7836f954a71fe5eaf013cbcc8b49b0', 'Marty', 'Malo', 3),
('173', '173', 'a22c565f81acc4900cf484a48ff6a2bf52812cfdd32f7e33814c145f23d132080f84e7092c23f78d18cae53b792d9a6497c99e31dab592906a166a3aaf7856ea', 'Gay', 'Léonard', 2),
('172', '172', '0c80d3c097d43e3146c21278bce10fd42e4b671cd97611b3a363155e2a478235b0f20ea678cc128d1b87d226f629cfd0148d7510a87fccd6ba0632e277ed5104', 'Barre', 'Guillaume', 1),
('171', '171', '62a69eb3f577ac76b9a7f777f511e45a7108569a6d29982840e8accff86d8af67db0f77f44913b37a64ba67fade7d9e3c08991a9f97990b0afa9c9ecc3572bdd', 'Marechal', 'Amine', 3),
('170', '170', '841dcefdc95a63233b009dfbfbec09f9e069a6f8616eb5f980a226d15169191444c9cc1fd898f7e94ec648af84e7c969a67f5bc9666550ab3cdd8540f83058ea', 'Guyot', 'Martin', 2),
('169', '169', '0bf93b4ad1a7a5b6004b2aa2a57f7aa6f71ac5eddd07caa838c9cb35899c15059d29b40312967805cf38f2d4f9db78be8e659da6ea89cd8e16a8fab1cf263c17', 'Gomez', 'Lilian', 1),
('168', '168', '8653394dc2e732940855fa03b293a22f3a224a2f8570c03d53e44cde4328caf153c8f23b4987dad0a7fac2e011c466691f8fabef302035d9f56c37a78cbffffd', 'Perrot', 'Killian', 3),
('167', '167', '5226d092b7555446c2c10ab3236cc40ba39f137349a23e4982c6537ed09fe7a316ef0ff4db816d832b4535fe1fbbaa8c799dd9febd050fb76768cf80cdcac642', 'Weber', 'Kilian', 2),
('166', '166', 'd94e814380caffecba231131465a10b334c93d53c9c95fdff558f76a583096e5b059a962320c50f48e2f32e3f8fcf8f94559d96a4986ffc29cebd9ad4c35396b', 'Schneider', 'Bastien', 1),
('165', '165', '48ef8246668107d607472525f15cd919e12b44fe4df9f0d9a958c5bced88715dd4a3eb9bf9aff674f6e30a68cb52eca327e3ce9b6ebc34b919b6a5f7a43ad66b', 'Millet', 'Robin', 3),
('164', '164', '8f584a74d142322a211074a628b3e12c8dc3281239cb6920cd7ecb5f3211c63339eb9299149faedd376a69e2e9380f962e82c143fa1c0a29b7b2f6105fc824df', 'Remy', 'Titouan', 2),
('163', '163', '39e1d5636a1afec78b847ed549123e8ee32220c2c563037fcabfba6bcfe9f91759603e6ef30a6c2c3ebbd97b71f209cb98095c32f8721cd181d98363a6a9ef1e', 'Klein', 'Simon', 1),
('162', '162', 'c1ba7481734194a3249d8a1ea0d7c615e9dc2606942a7a4beb7091fd74045db100fd2a7a5c43760bc087f8aebcf40347a6dce9c97166354bf647e5c7729ddb9d', 'Breton', 'Rémi', 3),
('161', '161', '623702bafd87bcedca393a9422725dac78ca1dedfc9f8cc7c5285b30069ae779bb3f15aa82cca962fd5b4d18e1831c4c210d00b38866fc416606d6ae7527dce9', 'Germain', 'Noé', 2),
('160', '160', 'bcdb540869a754a7e35dcbf757838b42bbe31470cdff846e5ff4f4bdcacb0f14c13b66ce391d3bfa7cd33f2b0b9ddb3e79b730c932be53e0b5efcb094d0ab33e', 'Carre', 'Mehdi', 1),
('159', '159', '6bbab104dec56da11e174b7f04defb8ccd90ec625c6c5e62193883f55532cf572072072d3a5247c642df1b87f64e6fcbe8dbbfbd5285d42d16d2b9e8603fca16', 'Jacob', 'Kylian', 3),
('158', '158', '3f0695ffb87713852d58f7afe82f8f93d15391a52af8eb977e8addfbc64eda1ffbb358e78e1688f1220ffb91f40a0dc69dab215a9fe168491833b6341d2d082a', 'Laine', 'Eric', 2),
('154', '154', '2db11a97f57e7a64953fa49f23035d3efc5cfe2819fe4e5c7446d74436ed72e61614fb4c65a10cc40ef9d00e9febd6b789a5a55f2b5753491fe501aea28be08b', 'Pons', 'Thibault', 1),
('155', '155', '1055908c1434e8295878b2da9ef89258128013478d8259be248c9b1a99b7b51916374942b79bf5d4174a8a97289d46c30d5010506b44e7c11d7c28b7a9fe3673', 'Albert', 'Adrien', 2),
('156', '156', 'fa45d6509bbe6a422833d4cf09cbada781ed7977afbf81c53285e10e70e06451b804f5871e8030126c50750d605a596d892cc9194c82858daa9203c709d4e8a0', 'Paul', 'Benjamin', 3),
('157', '157', '26bd41480357656189a159d3c2bb506dfa520e4a1728d93cb9f7d8c1851e897f7a06ea91cc0b847877cce92f5c94d39e461ed6aed6147ae594ac6e3760eeb3e5', 'Ferreira', 'Corentin', 1),
('153', '153', '772ca0c75960721e8699dac668c2f976d0691a505f29658811e0c1f729239c4e21f37513f5ce25f7daeafce337b83142b6830a6606dab329642fabf8f762774e', 'Leveque', 'Florian', 3),
('152', '152', '63d2d37e7112e5b4c0a1373432a2aba5756961194209060a6ed520df7cbe4d9d770184283df67720a424e838f82aa81bc872858632d326ca706a9956fd4bfc7d', 'Dupuy', 'Samuel', 2),
('151', '151', '647f8a84797c0be075e62cf604ffbf134b7a47601cbd8823bc1a04fc8ef0eb472f8b243a2f8b498da89327d5005a21771e6fa3474b980afaf62b34ecb7d02110', 'Bouvier', 'Kyllian', 1),
('150', '150', '253f9ebb167db20d02e0ea80773c5d593b59319989699ee3bde363943cfbac36a7fb1ed084355aaef89a5ba19567dee316fdee54a47e78e07e31265903a76650', 'Baron', 'Diego', 3),
('149', '149', 'fb9aa746dd323e821d0465186b066417e03bdc858621f022b8a32a71d616d214bd936561fd68da50c8ae1431ed1deb4478946a0c1e02527d2cfbbfdaa38ca90f', 'Gillet', 'Dorian', 2),
('047', '047', 'ee9d3046e31dbc2f42a1ab1804d0221cd8d7ece74402ffa604091077c12d1d1e391510318a3b0a2afe96e1e5db2193d838b75e809f76446aeb8365d3cc6d710d', 'Nguyen', 'Lena', 3),
('048', '048', '51e96b08b823ba3d183f8992bbac5f40f571a581dd910cfb36aa87bcf70740aa5b74ddf49bb77b2e845f280e8b19f548ec50b9924d0852197a8bcd826c01d607', 'Mercier', 'Solene', 1),
('049', '049', '0e42040db0a1523f23bc5a461cee8e7c339f7a0cd62f7703a8760889617aec366e16a17a1c5b9865bcd788df1608fadf6446d64bd9b7fa2462f473333550a03c', 'Boyer', 'Marion', 2),
('050', '050', '9e0f676c607ac7afa23e1ede16cf3a684826f5411d2bfcf9cceba540b36ab3f61095320273031ca8399653d07149a723594f3431f74bd3913f6a273107c41903', 'Dupont', 'Anna', 3),
('051', '051', 'baab60b834dc69045601846e9772374ef7f4fc712df6f7edf8dfd792d5687cc821549678ca003398749d798fa4907b1751a13d19f4ab298bf32482f6d2df7b2e', 'Lambert', 'L?onie', 1),
('052', '052', 'b616d8ea9ae6a98ec5da51ce689c2331e00435895acab31ff4fbf249f08b74c408382a021dea9458a7f67246ef8d9160286d6129e43a0f3b7544930ac14bdfb8', 'Lemaire', 'Mélanie', 2),
('053', '053', '3086d7d440a3da53a43a6acf8cd2e5b47bbf04f18583ec5525303ff0364c92a07bc87970e39ea5005e9b3137a31f0565d7b4d5beebdff3611d6fe8f9525d69ba', 'Bonnet', 'Nina', 3),
('054', '054', '43c0496fbd05229934dec2fd62e899efd290d0ae207d2226306bea72b755dac42e7004463b84d72acfb4210e4f21c618e2a9335a3c161c5b4baabb42d1db3f0d', 'Duval', 'Margot', 1),
('055', '055', 'bc6d1e6d0e0eefca9598e86bd034607570f3d91ad9fecd2c2e551b6a05536e4a4c1a4da0966a4cb21c65babe812a9a2a9a4fff6be36687033c20e7b7e96ba438', 'Francois', 'Maëlle', 2),
('056', '056', 'cda505b6aedc487099f910a99b426306cb3be6211ee4dd27de98ed86f2d8e50d84cf3c93a6e8c1d500da1a380156fae33e049c24da75eca37396763b7071d94d', 'Joly', 'Alexia', 3),
('057', '057', '5d476d3c6de580ef00981d601666c0fe9fac03b348b47bdbc08eca95ff57bc4b3801733223ce99645471022db02bb6286c96ce313bfe1e4c7c8ff5305b6f1e2d', 'Martinez', 'Alicia', 1),
('058', '058', 'e63e429d2607861c2db46902054fa5d8072e40779f46bf44bcf9905237ae748849951da3c77a8b9c86d426967a4161f928ccec3da7154ff4052adc40fb203d29', 'Roger', 'Marine', 2),
('059', '059', 'ab17f8670084800dafd06a4f025ecdcf2f7e54a40c3e347e2575282091fc7117b54c2111b15d610d574f64ba3918f43cd700f39ab355404f54351f73e01c3856', 'Bourgeois', 'Valentine', 3),
('060', '060', '21ea679ac8d8b01ca5d0693e796ca552cac30a5616642b98465cd73008ebe07b9bb03b912ca4f02d4838d8e671d2f7afb7a0952763017854c598a18cad1743f9', 'Roche', 'Candice', 1),
('061', '061', 'b7b6330c7dd43aa5e0c8a7262b2cababb2afcb3ef0e14ce54df5834aa0e9bc2fcf4657969fefe3b1012fea3948e0b707620912f31a08f2b9a176482ffb861cb3', 'Renaud', 'Loane', 2),
('062', '062', '83d341bc33eb5a25cf3809474f2498d730425343f97efdf2a5e9a6cbd6161423af14fb66a60ad0658dcf49a6072748e81ef636ad4a890c83c279c91ef08f9b81', 'Roy', 'Margaux', 3),
('070', '070', 'b51b39e94cab762f2ffe7d64e4bffc6d5b6983a2e11a51666ab216588fa8b2050c0fe05a2fa66a66fc06a33453a578c641eb53c759106b8ec310b9d5282f77c3', 'Meunier', 'Carla', 1),
('074', '074', 'c51e724771320fe4c2bafbefc33688088c4a354310a9accb0c439c5cdde039d1cf21ed784e2a87cc357bb32175defc501d86e1bbcc16f413aab11e2730eb19bb', 'Perez', 'Angelina', 3),
('075', '075', '2b5f0878605561acef22a6d2bf8198dec3c974dfb1bc59b1afdd4023cb7cf7b76721d9193544df5053e7e700279c4aa71a492e9cec5b02e14d4d6ec2e0f9f985', 'Fabre', 'Amélie', 1),
('076', '076', 'd22dd181491ac5a2ea12738f973928b6224c1c0f9d151d4ae9077f893510b69e9f368f7689c86f5ec8df066c28d24f1ee67e66d108c1c19dc89ca0b20499642a', 'Marchand', 'élise', 2),
('077', '077', '603e44e4021541439043ec0d3ff0dd66325d797505fc2069d92e7a907027b81ccf294287f20487535351ad46635edb27099bbe4d91f7fbbb7c62c66bb0e4e1a4', 'Dupuis', 'Salomé', 3),
('078', '078', '9b4129dbc50570776491ea373f083d27a85bbb84fad511037ee72ccde1ad640a2f7d55efab4df28628da1c7987356610efdf6669cdbf05fd495f91470817bac7', 'Dufour', 'Sara', 1),
('079', '079', 'cc2a24a6785e79cc12168583c5c787bf1a5b24274f68610801007197e92c62c0a6ac2a1d399a2b95e204fb57523620f375e11aeb0fe5daaab60e77fc1ec72329', 'Olivier', 'Jasmine', 2),
('080', '080', 'd2758ce6ee0b53ee1284f49b8557c8805120b195a4528f1edf5a273761bc4f7766ecabce6bb09d35f441cb6842df368c44c9ae7246458187e462e61b95a5bfc4', 'Blanchard', 'Maële', 3),
('081', '081', 'a57f8cecc023041709dab01f72d11055698c12b49f08c54940f6eb62415956b48d287a32d98cb7d9c52c97d0296c1a7b8759a634159bcbe73ab7ff4e53c6d616', 'Rodriguez', 'Lauriane', 1),
('082', '082', 'a3ed3c42b0cd421c745fab9415d26f000b40e9cd568b7dece2afbc5eac7b61ec1bc9b392d49c2f4ae0f42e549862c1cb79f74650ca6bd636a34932c07784ba77', 'Marie', 'Katell', 2),
('083', '083', 'd6610228ce4e78053312d555cb49a09da5de5ed2608ea47d6a058f6844dbb1978a8af0403b2e0871ced7f505501de87b629f407d71649b8c7a67591fa0cccd9e', 'Da silva', 'Rosalie', 3),
('084', '084', 'ec8e1991b38768f3871db31e1d208fc845e91ce5e5d4f27e178e607f7760bccc5f0b38e5418a6254fcf3bacc75ef947af62298eabc455ab06ca2e3e2e4f86e4a', 'Barbier', 'Guillemette', 1),
('085', '085', '6d01935caa1514054f002eaac840493f1c5a3144518579c200820a020038b170c83a759523438bba8f3a7b5b80000c771d1008c8499f1e52a90cf71914aee2f6', 'Hubert', 'Catherine', 2),
('086', '086', '6191234f7d9a8e17263d84145f350250bab27972aefacdc35cf73a09a14cc0d944aaca7d8d632957454d8d8c73542ae9cfd2ab7be1c1cc66d4b906dd48244442', 'Brun', 'Lamia', 3),
('087', '087', '1d5449d1cb5c0c4eb097f9c7cee23be97bc82bd13042fb1ce3c99acbed445f272a8fad6032083270fa4479b5a08ef7ed5f26c3953c11ecba53ca34c2f9a8a4a7', 'Louis', 'Edwige', 1),
('088', '088', '5b98c08aa263c09d58b826b56dcc8cd45769e4420ffb59a9e8e1a3a4f069281b39f1a0b0a259fa70a41c7d9484045e4b5af05675c27ae684d32aaf60fceb769f', 'Dumas', 'Tatiana', 2),
('089', '089', '907f5e5373c60cc7f7ec25ea41489613849fb40dcf7dd74c8d7fd77148c9044ad01f382a7be3d1bd571b1e22f8fd2a1087044efca188bf4d031b094a60344e6d', 'Charles', 'Clotilde', 3),
('090', '090', '8832e0b17a719a7c5ca7a49e39247cf2e1050f33815f94e3f9b52ddf140d5c7910bea90b334d348e86fd3a248fe59124cd0b0ba3e7bc80a397739f908fcd1d5c', 'Brunet', 'Françoise', 1),
('091', '091', '50e84555b4ab1a6d36ca674edad65b3b28b2e2a5823363108dd4a458036436462e2d5a92ada75524cfe36664f36e6b53a7981fbf5b60e7607d2eaa4f0ff29462', 'Guillot', 'Yuna', 2),
('092', '092', '2d3c59d0c4feb97952b82233e02f7db36e19d599cdefd600feb6979fffde9ecc19ec8f5daa70fd256d351995a60ebbd4473483ae150fc275917f9fe14db38d51', 'Schmitt', 'Lutïcia', 3),
('093', '093', '0cb148457039b50d24097698a83fb559a44434ed9ae0e1b96d739e04a81a4370b814c7ffbb7af72ab29349c975547e5f093a0ba0ecc63f50fae20531a9a85f7e', 'Riviere', 'Alexandra', 1),
('094', '094', 'b1e4d1addd64ce163ba7feda239df0252ad584833c22a0b6f251d935bfb2cbb709519e1ebcb19b7fc40a6cbfc319747bcbdadbdd729ec15d8fd4a4ec085557e4', 'Leroux', 'Syrine', 2),
('095', '095', '198615785c3d8c096d8f09e2ea7aee31c2c9fde4b9b6c5d0607440fe3e72547789c60b81c9fa6af5065ed398b6fe68eb4079568cc2092e47f2b0e4cc9ce423be', 'Le gall', 'Nathalie', 3),
('096', '096', 'e84d2cccd1b280f15c2fcea1f6ae1394772261690ff100b58641f98ba30fc95c2f5fdd547963891a51ca7e31d1e97890ff855ba218710b7269a995c7ad112ba2', 'Colin', 'Rose', 1),
('097', '097', 'cf50431bde5907ebd6856bef8211fc7d953c94486c4ee356a32fdbb4b9f4d3e3fe2f708f02193005a4f21540080f748a69e9a72c9dff779180b2233ee152dd30', 'Guillaume', 'Hélène', 2),
('098', '098', 'dbc88b2cb879a13f691db273f815c6e4b24b92f0fe5ef3eceba372b9486a1038b501c35208bb205b64b47ada5bb7fd636e50dbe463e2ab5e24e5827bc287febb', 'Fernandez', 'Claudie', 3),
('099', '099', 'f30c50a2e77a54e875fcdc6f2818f4515f4efb2dd72d85cea2fc3167537b750acab086698c5a99165e631b94598dc88ea4ab75f388c09a8300db43d146ee4336', 'Adam', 'Val?rie', 1),
('100', '100', '4d6ff4d2a772567c0026b6859f00c71902e572aa2f1e44d37695ca57f22c0f4c1b4c27add5e683e1eb1d8cd8e426da4fdd77a30bffc9a73658e10182f886ea4b', 'Pierre', 'Lucas', 1),
('101', '101', 'df86642d63fac2049fc1aca178273525486a05ecea6a372d48e0dd0e479bfcf0a8fb7b721c0d7bb9f085f2785ab48a72723cfcb30085f30ba2d7f66d3c8d4783', 'Rey', 'Mattéo', 2),
('102', '102', '4c782ce3421ee27983804f05b17e13545b3a880f26747736dad6b26b5b69fa5161d1cea9965f85f57fbb4e3e45c0afbcce57177efd53d77d39a15fb4b8694adb', 'Renard', 'Léo', 3),
('103', '103', '0a5f0b8d8cbac05df8964cb4692f47b732e4263cc761f44d7aada42856280c8d4f8f3ce7377342f7989ebd76647e89e0e371d3cdacf547074d8811d596a4b35a', 'Moulin', 'Evan', 1),
('104', '104', 'f3e740ebbc78bcc74de6dfe2e4f8de024da6272f27c363ec2eac4ed62ff61e122c8ca6bf91573ee0f5510426fd9d501a5e31efbce45029936fd812a5e2a771d6', 'Arnaud', 'Louis', 2),
('105', '105', '890d2410de78dfd23484aaa6a13147c9abb648ed32ffb81d7d43ace21b43cf7ecdae54504716f18fc7621a78d5d0d68ae57cf8ef1c4a220477c1956af1b8a84e', 'Gonzalez', 'Tom', 3),
('106', '106', '0ed32d23b5c7e91fb02f53826475d02b92ba60b2a97675ba50d6fb1a8b77d07a2abe7434ae12d0db4ca47623d9e336fad540e4caa72bec784ffbfd6afc17f61e', 'Rolland', 'Maxime', 1),
('107', '107', '38f5b782b2f4bc5439595407ace8214069aa073cb504d12e507cbaf651d440e37ca7d329b3aa2fd9823a6eb3eed32aeeec2b06055ed2e675b9156ac7e1dbdf39', 'Berger', 'Arthur', 2),
('108', '108', 'c8c573c67936c182a311d64d5e612fb324b8e1aba2b38871bbb14c9d38552bfc56941b0c8b3d5b82dd979290be289ec5aedd665f299f932203b8abc777978745', 'Caron', 'Thomas', 3),
('109', '109', '2cb85b4fdf6943f4f233e6a659a3f3a7b1e72088680efa6bc2524275367ff6da52f2f0a4bb27f07124d94803d34adb3c0a419373b8d7cd5537ead06ff88aa9f8', 'Lecomte', 'Yanis', 1),
('110', '110', '1d0cb58267742518287bd78eece3eb9e9c6d960dcd29521a873b62121e3b633987d9c03307e0fd610f4ce1141b9fc7f850c35aaa5763471d8ce2e45d1a56ace9', 'Aubert', 'Alexandre', 2),
('111', '111', '2d8b0ba522324ef548cf2b8aa3978fe2a1a8df1c452ce49450dbc782415b39b50b4c604344304f8efd1bf81857945b5c96b60223c3ff427302d1df51687f19ee', 'Menard', 'Théo', 3),
('112', '112', 'a1cb7cc8604e6be147ed6341e4e1dfe58033cadec301f09ccab5c62d17ecc311275cfb72d5a1a136091868ab765aece070ced0967618e4865094b9dd8c2017bf', 'Giraud', 'Hugo', 1),
('113', '113', 'c82c99ed0cd67a26499e5f0854f06bd0788820acace9703e533091ae2ec5b04584fd81e773671f9aa05560a09f41ab793237a18f05a3e4cd2d721d2c842b7db7', 'Fleury', 'Enzo', 2),
('114', '114', '6b5168c37aae03c84195e0bf0771702f321c5185c24a33ee600b930662dcdd4e694c7a74b5c29a3961e06629a481a6b51737c671f8b957ac9a8559578553660e', 'Leclerc', 'Nathan', 3),
('115', '115', '3a7ae433a37429dfd859a747bf97216586ecc82993748c9942dc96cf372eb0ef7fa182bf0eaa3166a803884bf4004eeb343a2ba1659dce69e56428befdacb336', 'Deschamps', 'Antoine', 1),
('116', '116', '3280da0bd8c0119a3737cef53049e550e259a22df35c5e15d10f78c058454cc142aaa993de8aad6d1f4af0d42f2f7e0096e4ca2de64390e6b7df1494e03a2900', 'Vidal', 'Gabriel', 2),
('117', '117', '4417c71c6a2b9744f6570d4f437aaf16c03933f9ddd3659ac6795a34309d78ccfb1854f5f5b5604a249bcbe87897c55fe87dc0b3fa47bfce7583c55e5b16c73f', 'Carpentier', 'Clément', 3),
('118', '118', '0649d4cb64e07abd72cd5341969256c68bf1702005401a55322263f477bbea5f3de2e6eef9765df224714b1a1c652d612ce1f89bcbec6dfc0428b641e334de6d', 'Julien', 'Florentin', 1),
('119', '119', '074f675649683b119d914ecdb422e7f9a4d9b9eeb097d5af8272a056ccd7e9b57dc10e7ef0ad38b2fae9235da711330760bb9bb916addc5d1382ce5a4474268d', 'Le goff', 'Jules', 2),
('120', '120', '8a407bd464c54f5a9a1a7b99706b09c485007a2430988d3f7acbaedc32ec0b9c914f545cb4ae7ede94d04d8b2338598134c92b66923d9acf002c1f5dec35863d', 'Benoit', 'Baptiste', 3),
('121', '121', '40d0e0091d175aaa556868449847c53b68572e674b7e622fa749f68daaeedbd825d9ec8018353ebaa161030f53a4b09c0a2adf1c2be3e05cab895bc63263826b', 'Boucher', 'Paul', 1),
('122', '122', 'a7ddeb1f8cdac860626e2ad93e532f876fe28f1b8a8a2f123352b96cdbf3f383ca2d44080d9a9355c6754ddc2d049ae99d7eff14aa5338487097933f0301fd83', 'Paris', 'Alexis', 2),
('123', '123', '19ed9bc92486abd54a82456aa27f70ceef61f07a21c7d9d41b30bcb5dc30e759e1673e9c7d4d571541034b466fae4deee373e007494cc30b32c02175a441da41', 'Bailly', 'Noah', 3),
('124', '124', 'e7f781a33b7080148f2f90b93ba0baf5c82276a02c37c00d9d98b5089b80feb656aaded48c8b0acdc3ddcbd841e4671672c2cd369178429695691dda382e63a8', 'Maillard', 'Mathis', 1),
('125', '125', '4e053b86622b8907abfbcc4365769606e27f83227a8e81b12beac495d8802a2e678cee2c9bdfdf9a884136f9a8d518ff34a2b2e02de0bc70abcd31d27803926b', 'Boulanger', 'Ethan', 2),
('135', '135', '76cdc3ee263e92bbae607e0abe160badd9d1606b661f02ae4d7ef242128ba2de70491e55d8ddc7829054045d676d55ed1fa8fde5318e8b6a205d7566c0a6da9c', 'Etienne', 'Nicolas', 3),
('Lebrun', '137', '5e3aefa240bb113d9bf4622b2e63658438a8d01f15d593cf77c42270e12d8d6b6d2bb878dbb0f822b0a74386c2bf4d0dfc8dad89213f69514226e3d18c300b11', 'Lebrun', 'Timéo', 3),
('138', '138', 'ed7601e764c73b9118f5f7c4c1b89189b34e9fa043d4a5444e819fc22015d618422f8e9dd3123d28838f93cf1733dcd65160be76b4c257ffae7b166bfdfa20d2', 'Collet', 'Mathieu', 3),
('139', '139', 'bec7b95cf97e7e3946619fa269a71703f75f64e44a73306e4ed267f08c9d4f469812aead650670711666194d4202d15507cca03ab46a7208ae20c4fb25b35daf', 'Daniel', 'Tristan', 1),
('140', '140', 'cd7db67cc03a06fb2f95c0bb5eba1c47d481b394d33aa9ca138a1b75a9a8e3fcc6c0c936d14e2d956d9c79a34ede17a139220c7b7a3436bc50f3ad3003975046', 'Prevost', 'Anthony', 2),
('141', '141', '219b9a77144fdfcd09622a6072d4483be71eb51ab83f71c045edc4b9d06822f9e77ba9ae47f21970d647fbf3e78ae416e973f9970905c9a0ee9764c923d14be0', 'Pereira', 'Antonin', 3),
('142', '142', 'aea9960c4c67fe4a552b4d5066b0a3e26ed9adcb195d6de537e399a238dbce02b6326856e10660f4a2196c7791d4465b1c3af91cff0db4ae4834b9bf76b3cfe3', 'Poirier', 'Lorenzo', 1),
('143', '143', 'c523f2b52aa6829fb61b1409fab508ed066239c9ab8a44f85884f151b51a9d7d08a2bab220a7ed217a01235870fdcfb527e9d654ce7a0a5166f4baaf7ffa7b2c', 'Pasquier', 'Gabin', 2),
('144', '144', '00bf26e89049916973fc72e20c68a23004866ae8c019cae91798bfcf4c36c5d07703506a362223d4180111559b8e0789430b68b9a5c4d96a8de2b4b54db5bfb2', 'Charpentier', 'Jérémy', 3),
('145', '145', '06d21bafa4c2c917a2b2a1ee2753faf5e2550a4122d27eb39df363da68493425ff9f3bd8dd6feadc611abf1330e264a1912aeab427ed288cf5db06ac12231896', 'Cordier', 'Dylan', 1),
('146', '146', '209d246cb5ede8bd70642c4287f41b112a33f148507366ab571032d6329b46a07819c2965b4025fce282eb13607412c71fe4120faa1f8a365d2e6a9e181afbc3', 'Royer', 'Kevin', 2),
('147', '147', 'c8dac71635a19b4b7ecadc7b5624613f7ef593064608a70994944192eb0f78b80f3e1a7176c73c9d25791057afc5dde27ae725d1059cffc78fe645d0f3364151', 'Humbert', 'Constant', 3),
('148', '148', '31030b62d83921aff4bbc13896f050d18338469c863da09e89176d4e1e2a34c0e04ccf468022bab8e47868343715c534bf43a2d8d332fddb4f6c7679c0296862', 'Huet', 'Esteban', 1),
('320', '320', 'f7ca02e136ad6637accb482f56c361bca6e064269154feafab834523feaa7743cc70d766c664e15776b8058b07a7130e0ac04af981e116d59e9357b7e5699925', 'Faure', 'Lola', 1),
('197', '197', '5d91ebc3ba4bd97fd539d9fa07fd587ee91717205efe2108fa22b2727b58092d835d8652e9039c2893c14b62d47b87e60edf3a38110cfeff2328c48926ab8cf9', 'Fernandes', 'Rayane', 2),
('199', '199', '94a888e9a44f312d6302f5b85eb797a05ebbc3add7efbfdec62cf445bca160e32a99298ad1ccd95d179368cc5367d3473723076d53d376d359985101a3a88f04', 'Carlier', 'Dimitri', 1),
('Martin', '000', 'f1faca6dc7c26ef7c489d36b0aaf489bb84a12cff3d93c3491b061afeb5e30bdedb649f5a8998e8fbb48955de324caf3ded461a641fd66c9edcb186dfa89f51e', 'Martin', 'André', 1),
('309', '309', '7aa6cac36a98a86d7ee7c22320beb93d2016b3c14863a58d5dbbb968d83d70e1dae11306094d79c6a6083804b7a7e846b048be00cf29a4f6137ac6793d0d20dd', 'Hubert', 'David', 3),
('319', '319', '5b03842ab5d209d931008177e11d6f7b9cd67047a4b6a5a3eb4cea55078f66ce0dd4d4cf23547cb0da998f9001a2e6463fd05209118510925ee5b221cee9eec1', 'Henri', 'Simone', 2),
('006', '006', 'ac32cedf83ba4f26d2173545686736b176735488447ef094a0d6c3a02eced7b8871dd4766f7c0290090ea9ef0e35ef367edc6dd5664bed75d73934b69405ff4e', 'Thomas', 'Marie', 1),
('007', '007', '8dbd84980ea1abca1a82bf50de946877707d5ca0d20c8ff4a42278cf8ee236b75b2d40937b5036ae08327965e0d713d060de283c965395da5ac12acb8889d4c1', 'Rousseau', 'Léa', 2),
('008', '008', 'fecd0dd482b84426f9e7124aa71267b9aa18456180b167509489e20df8becae3a354a692aee0b5c8771f89a98e69fc03605334df7f230238eee06d83465b0db3', 'Robert', 'Chloé', 3),
('009', '009', '0a5fcd861baf586c34264dfc213277e6f3a24364305c426250c839792c389bf140df454059a93de373aa47c7828502215072384723ac314f015168838bd4533f', 'Blanc', 'Clara', 1),
('010', '10', '81aa1884b43cda4813330eb00eed8b2d607fa767183e4c7b4cf1b630df7d55c4aa6bffb19e5f490d95c458b7a9413386f395cc2f2b0b1f9d173f2de38422e06e', 'Richard', 'Juliette', 2),
('304', '304', '7279dad71cb71da4c12c815a22aaed05ad4fdd0feff77cc2d77d9a7fd2f297227d9d78f29b6e4273390b9c93a3eecddfcbd6b4d9da5a6cbda5ef5866cdd3d242', 'Noël', 'Éléna', 2),
('311', '311', '96b9250bed6d035dd8a7fff7390f0a703c62c5a520075757a497c2208cbf7e82eb1c9f0eb543534b15565ec8ad56452153b2223374502c3d38ff3d4d9d0e654c', 'Picard', 'Alain', 1),
('315', '315', 'f9fe90673e8700866ce1376a85161ee3c9ba72549a50493be4cade1b5d5dd8a87d51260e40ef8701ad41a6181ff6da7e00fbbabf0482871f637b333258c7b89e', 'Lavanant', 'Jules', 3),
('318', '318', '1cfd7a8380f2cd5324eb231a84fe61ecc4d086008083a2825bd9ac98222f35c0d64117af721849688ccabaed4e48dc5f45d64aa2d65db394cba2d5fa3ca8ba95', 'Papy', 'Jean-Michel', 3),
('069', '069', '11094d12b04cdbf3ff8b08154bdd46e2e2b5dd253da2689b22d30c648928a7336d79210f35839d7b2b092b0a3d4ff0df571b8e80c4f8a4ac33521794eeb45f34', 'Philippe', 'Elsa', 1),
('071', '071', 'f2000da64a06717a8bad2eb2f5e0241724c0d9c36acd84b9e4578ec705f54b59e537a9272da5a9501ca6eae92415b5f29f82e09531ed0a7865cd766ab9588a15', 'Leclercq', 'Léane', 3),
('072', '072', '8fa6675c3ad0c5c75ee7d539faad9bcec7cc8af04922378f04695ca3f23acc2dca37c98131d9e25c1ac94deb1a33f4eb0db08155b852f921a2265e5a39eda71c', 'Jean', 'Capucine', 1),
('073', '073', '8a3ae266bc6008c481e17d516be47079e51294523f9888d748783bb0ea9ff252e2a4acba6550fd64cc1585f227f09eda73db950f998f57d334fd84d6e1bb2a09', 'Lacroix', 'Yasmine', 2),
('201', '201', 'd69303f38440665760104b8e64937c7e60f24c39e84916aaefa413c6982a3089e745c57d940ed84bc39ae52e2ad18fd5e0f99c4297c3df00d29ba8c75c0a95f9', 'Marchal', 'Quentin', 1),
('305', '305', '5633c3b3259336c8f300c7ab449ce47f1cecab7630f486e43d320fbbe4aae247a0f60be4dd37fd8729848c4ca0e5ed2b51089cb2c4d9798c5a058a2f2774ff24', 'Collin', 'Maxance', 3),
('312', '312', 'e88cbb3120e9125f4e5c51c01634fb4eaf062b33561c902af1414c7009bba9de392bb912df5613dab6d22ef30242f238bdf34074676e8400de812f97fe00efe7', 'Graveleau', 'Pierre', 3),
('313', '313', 'd42e6bf23e9311c9fcfb29ac6d07d4ec3f3b111f8bebcd48217506e85e57554d289d7395959c7463e061131b3ea473eac7757dd1e44ce27421bb8c99c40506a6', 'Hamon', 'André', 2),
('317', '317', 'd2c20e71d4609b6f1f8fb5b70b925aa953c872315b5c1012255796ff0fe0fa4491dfc20d032b865c103f4a96137e51fae11b0721360382535d05b9ea2d8adee2', 'Pasquier', 'Corinne', 1),
('322', '322', '5dbd6d81d50ff88a6fb0bcfe1496609caea0907d49d73d8eecf4a9d13d9e611bd484b3ef2cdea9061d880853c545900d125de94541cb3dbf28211e8284b59f53', 'Tanguy', 'Philippe', 2),
('132', '132', 'ca5699a9c610ae499b0eb8a4fed06790605c5860381aec386d7fb6a94b7d95961fb08ea797b8a84bd32b8c3b51693f7a46407c6619849ad0011e5fe1cd684c70', 'Le roux', 'Adam', 3),
('133', '133', '79acdbfd17e8c73c0609df13e804a5aac090d4b5ee3e76eb9ddeb390ec217661d6447e25c930cd7c3178b415826247c7e822059b5b3ea7025f4be81238fbdf5c', 'Poulain', 'Victor', 1),
('134', '134', '5d05468a807f05e6eb060f0bc0e2def89ea963145e569c53a98bf712d927616496ea009059c62b4e1bccd7d7f5bebe50e2b121990e852bfb99cf1c66604b9fc5', 'Renault', 'Mohamed', 2),
('136', '136', '8727f250f6067a87f4d013f662917ba64455cbb8d4c8cc31129125683a007b36ab9a58f400f17cdce52f01eb53d93ea5e22a7adf3ea6e8709857ddbd8b10bb4d', 'Jacquet', 'Nolan', 1),
('314', '314', 'd1e6f99080d1aba8348682236073d0819f205b84ab50f95611e7aaa2a4bafd023531111015969e6403eb114b875b5d8bba8ae1695f37b3ed1373c0bad54a7540', 'Dupond', 'Grégoire', 1),
('306', '306', 'ec0dcdd4ca54036eea56f2961b1571421022afc179b74b944882822b6952718e02a6932b7ab29875faf31b45cf4ca6245deb6e693205906cc9d9fc23ace3e914', 'Le Ray', 'Cédric', 3),
('321', '321', 'a674536d6b593b2af1ef91f3fcc9111545d484da869003713be8ce45243161ee619b72be079186f5a9572ea4108315139137ccf9816ec5bc29b86808c70cdef2', 'Lucas', 'Cloé', 3),
('194', '194', 'ffc50ac25ebd8c4c3c6807f59a2adc3d27b5f520810e86523c567ae9d115735b7500bb8a13a04ef348efa757b84a3305c242d466a335a80251f6c9c5b3033065', 'Rodrigues', 'Fabrice', 2),
('195', '195', '09c70e22e88157ad9cc761208ee3022e1ec92a4c06bfaf24bb8f8d2454a92990a712b1b99372c65e9f0e0f5a344dcd7ab74f69caf86025375c87972c39acdb9e', 'Guichard', 'David', 3),
('1908', '1908', 'b86b799ed7f923aab25224a1fc7cfb288093ae6c53ad247406f60daf92c68f8f4fb41d1faf0f6e2f4eb37962b10cb5d43a3e825288fd3a62c48a7133d15f3456', 'Godal', 'Tristan', 1),
('198', '198', 'b95642680006a9164554a18d2597199658af0515fe27444dd0f67a67b854e1219af7a976e6c91c54bc432babe54779ac8a267bf4d54e8333270f64a6d98a547f', 'Bouchet', 'Alban', 3),
('Admin', '1', 'ca5979c63e2c1bb9ae435bd03428413a34cdcbee95c616256e8326a2b8fa987c5d1eeba61ebfe15dabf169153ea8f8e429e3c75538591115d9350f49f87110a5', 'Admin', 'SDIS', 9),
('310', '310', 'cc46942346f3e8a1e1a3f50053ef0560202b950f59623a48641f3359eeeb61c78c17d87acb02ff1a64683f88079960e0a735c7ce5810c664e7b5c9d50a5852db', 'Le Gwen', 'Erwan', 2),
('20187', '20187', '7166a33a41d02ae11b560df87bbf46449d1874d7872686682357f85c8da996e4bab6b3afb90fbe64c354649273b63dc9d34318bde1a0eb3873e9a596434988ce', 'Klein', 'Calvin', 3),
('316', '316', '084caa12395a4ef3f0548eede95257c2ee8c977d82e3ae3fabda0093583708b01ec25a31e08d8d0142ba05e8d2f5a6630fa62f657461c412a296718a9b8cde86', 'Le Scour', 'Jacques', 2);

--
-- Déchargement des données de la table `pompier`
--

INSERT INTO `pompier` (`SP_MATRICULE`, `GRA_ID`, `SP_NOM`, `SP_PRENOM`, `SP_DTE_NAISSANCE`, `SP_TEL_FIXE`, `SP_TEL_PORTABLE`, `SP_BIP`, `STATUT_ID`, `SP_DTE_MAJ`, `DATE_PROMOTION`, `DATE_AFFECTATION`, `CIS_ID`) VALUES
('000', '11', 'Martin', 'André', '1987-05-01', '298195732', '678986542', '9', 1, '0000-00-00', '0000-00-00', '0000-00-00', 1),
('309', '9', 'Hubert', 'David', '1997-05-09', NULL, NULL, '310', 0, '0000-00-00', '0000-00-00', '0000-00-00', 3),
('319', '10', 'Henri', 'Simone', '1991-11-15', NULL, NULL, '303', 0, '0000-00-00', '0000-00-00', '0000-00-00', 5),
('006', '0', 'Thomas', 'Marie', '2002-04-30', NULL, NULL, '106', 0, '0000-00-00', '0000-00-00', '0000-00-00', 7),
('007', '0', 'Rousseau', 'Léa', '1987-09-12', NULL, NULL, '8', 0, '0000-00-00', '0000-00-00', '0000-00-00', 8),
('008', '0', 'Robert', 'Chloé', '2001-08-07', NULL, NULL, '9', 0, '0000-00-00', '0000-00-00', '0000-00-00', 9),
('009', '10', 'Blanc', 'Clara', '2002-06-02', NULL, NULL, '10', 0, '0000-00-00', '0000-00-00', '0000-00-00', 10),
('010', '11', 'Richard', 'Juliette', '2002-07-09', NULL, NULL, '110', 0, '0000-00-00', '0000-00-00', '0000-00-00', 11),
('011', '12', 'Guerin', 'Lucie', '1999-08-11', '0202020202', '0602020202', '111', 0, '2018-02-08', '0000-00-00', '0000-00-00', 12),
('012', '13', 'Petit', 'Sarah', '1999-06-30', '0202020202', '0602020202', '112', 0, '2018-02-08', '0000-00-00', '0000-00-00', 13),
('013', '14', 'Muller', 'Jade', '1999-07-12', '0202020202', '0602020202', '113', 0, '2018-02-08', '0000-00-00', '0000-00-00', 14),
('014', '01', 'Durand', 'Romane', '1998-08-31', '0202020202', '0602020202', '114', 0, '2018-02-08', '0000-00-00', '0000-00-00', 15),
('015', '02', 'Henry', 'Emma', '1998-06-30', '0202020202', '0602020202', '115', 0, '2018-02-08', '0000-00-00', '0000-00-00', 16),
('016', '03', 'Leroy', 'Manon', '1998-12-12', '0202020202', '0602020202', '116', 0, '2018-02-08', '0000-00-00', '0000-00-00', 17),
('017', '04', 'Roussel', 'Agathe', '1997-01-31', '0202020202', '0602020202', '117', 0, '2018-02-08', '0000-00-00', '0000-00-00', 18),
('018', '05', 'Moreau', 'Ambre', '2003-04-30', '0202020202', '0602020202', '', 0, '2018-02-08', '0000-00-00', '0000-00-00', 19),
('019', '06', 'Nicolas', 'Lilou', '1994-09-12', '0202020202', '0602020202', '119', 0, '2018-02-08', '0000-00-00', '0000-00-00', 20),
('020', '07', 'Simon', 'Océane', '1988-08-07', '0202020202', '0602020202', '120', 0, '2018-02-08', '0000-00-00', '0000-00-00', 21),
('021', '08', 'Perrin', 'Inès', '2011-06-02', '0202020202', '0602020202', '121', 0, '2018-02-08', '0000-00-00', '0000-00-00', 22),
('023', '10', 'Morin', 'Maïwenn', '2012-08-11', '0202020202', '0602020202', '123', 0, '2018-02-08', '0000-00-00', '0000-00-00', 24),
('024', '11', 'Lefebvre', 'Lisa', '2002-06-30', '0202020202', '0602020202', '124', 0, '2018-02-08', '0000-00-00', '0000-00-00', 25),
('025', '12', 'Mathieu', 'Louise', '2002-07-12', '0202020202', '0602020202', '125', 0, '2018-02-08', '0000-00-00', '0000-00-00', 26),
('026', '13', 'Michel', 'Mathilde', '2001-08-31', '0202020202', '0602020202', '126', 0, '2018-02-08', '0000-00-00', '0000-00-00', 27),
('027', '14', 'Clement', 'Zoé', '2002-06-30', '0202020202', '0602020202', '127', 0, '2018-02-08', '0000-00-00', '0000-00-00', 28),
('028', '01', 'Garcia', 'Maelys', '2002-12-12', '0202020202', '0602020202', '128', 0, '2018-02-08', '0000-00-00', '0000-00-00', 29),
('029', '02', 'Gauthier', 'Clémence', '2001-01-31', '0202020202', '0602020202', '129', 0, '2018-02-08', '0000-00-00', '0000-00-00', 30),
('030', '03', 'David', 'Émilie', '2002-04-30', '0202020202', '0602020202', '130', 0, '2018-02-08', '0000-00-00', '0000-00-00', 31),
('031', '04', 'Dumont', 'Louna', '2002-09-12', '0202020202', '0602020202', '131', 0, '2018-02-08', '0000-00-00', '0000-00-00', 32),
('032', '05', 'Bertrand', 'Justine', '2001-08-07', '0202020202', '0602020202', '132', 0, '2018-02-08', '0000-00-00', '0000-00-00', 33),
('033', '06', 'Lopez', 'Élisa', '2002-06-02', '0202020202', '0602020202', '133', 0, '2018-02-08', '0000-00-00', '0000-00-00', 34),
('034', '07', 'Roux', 'Célia', '2002-07-09', '0202020202', '0602020202', '134', 0, '2018-02-08', '0000-00-00', '0000-00-00', 35),
('035', '08', 'Fontaine', 'Pauline', '1999-08-11', '0202020202', '0602020202', '135', 0, '2018-02-08', '0000-00-00', '0000-00-00', 36),
('036', '09', 'Vincent', 'Maéva', '1999-06-30', '0202020202', '0602020202', '136', 0, '2018-02-08', '0000-00-00', '0000-00-00', 37),
('037', '10', 'Chevalier', 'Alice', '1999-07-12', '0202020202', '0602020202', '137', 0, '2018-02-08', '0000-00-00', '0000-00-00', 38),
('038', '11', 'Fournier', 'Noémie', '1998-08-31', '0202020202', '0602020202', '138', 0, '2018-02-08', '0000-00-00', '0000-00-00', 39),
('039', '12', 'Robin', 'Charlotte', '1998-06-30', '0202020202', '0602020202', '139', 0, '2018-02-08', '0000-00-00', '0000-00-00', 40),
('040', '13', 'Morel', 'Laura', '1998-12-12', '0202020202', '0602020202', '140', 0, '2018-02-08', '0000-00-00', '0000-00-00', 41),
('041', '14', 'Masson', 'Lou', '1997-01-31', '0202020202', '0602020202', '141', 0, '2018-02-08', '0000-00-00', '0000-00-00', 42),
('042', '01', 'Girard', 'Lina', '2003-04-30', '0202020202', '0602020202', '142', 0, '2018-02-08', '0000-00-00', '0000-00-00', 43),
('043', '02', 'Sanchez', 'Jeanne', '1994-09-12', '0202020202', '0602020202', '143', 0, '2018-02-08', '0000-00-00', '0000-00-00', 44),
('044', '03', 'Andre', 'Mélissa', '1988-08-07', '0202020202', '0602020202', '144', 0, '2018-02-08', '0000-00-00', '0000-00-00', 45),
('045', '04', 'Gerard', 'Lily', '2011-06-02', '0202020202', '0602020202', '145', 0, '2018-02-08', '0000-00-00', '0000-00-00', 46),
('046', '05', 'Lefevre', 'Lana', '2013-01-02', '0202020202', '0602020202', '146', 0, '2018-02-08', '0000-00-00', '0000-00-00', 47),
('047', '06', 'Nguyen', 'Lena', '2012-08-11', '0202020202', '0602020202', '147', 0, '2018-02-08', '0000-00-00', '0000-00-00', 48),
('048', '07', 'Mercier', 'Solene', '2002-06-30', '0202020202', '0602020202', '148', 0, '2018-02-08', '0000-00-00', '0000-00-00', 49),
('049', '08', 'Boyer', 'Marion', '2002-07-12', '0202020202', '0602020202', '149', 0, '2018-02-08', '0000-00-00', '0000-00-00', 50),
('050', '09', 'Dupont', 'Anna', '2001-08-31', '0202020202', '0602020202', '150', 0, '2018-02-08', '0000-00-00', '0000-00-00', 51),
('051', '10', 'Lambert', 'Léonie', '2002-06-30', '0202020202', '0602020202', '151', 0, '2018-02-08', '0000-00-00', '0000-00-00', 52),
('052', '11', 'Lemaire', 'Mélanie', '2002-12-12', '0202020202', '0602020202', '152', 0, '2018-02-08', '0000-00-00', '0000-00-00', 53),
('053', '12', 'Bonnet', 'Nina', '2001-01-31', '0202020202', '0602020202', '153', 0, '2018-02-08', '0000-00-00', '0000-00-00', 54),
('054', '13', 'Duval', 'Margot', '2002-04-30', '0202020202', '0602020202', '154', 0, '2018-02-08', '0000-00-00', '0000-00-00', 55),
('055', '14', 'Francois', 'Maëlle', '2002-09-12', '0202020202', '0602020202', '155', 0, '2018-02-08', '0000-00-00', '0000-00-00', 56),
('056', '01', 'Joly', 'Alexia', '2001-08-07', '0202020202', '0602020202', '156', 0, '2018-02-08', '0000-00-00', '0000-00-00', 57),
('057', '02', 'Martinez', 'Alicia', '2002-06-02', '0202020202', '0602020202', '157', 0, '2018-02-08', '0000-00-00', '0000-00-00', 58),
('058', '03', 'Roger', 'Marine', '2002-07-09', '0202020202', '0602020202', '158', 0, '2018-02-08', '0000-00-00', '0000-00-00', 59),
('059', '04', 'Bourgeois', 'Valentine', '1999-08-11', '0202020202', '0602020202', '159', 0, '2018-02-08', '0000-00-00', '0000-00-00', 60),
('060', '05', 'Roche', 'Candice', '1999-06-30', '0202020202', '0602020202', '160', 0, '2018-02-08', '0000-00-00', '0000-00-00', 61),
('061', '06', 'Renaud', 'Loane', '1999-07-12', '0202020202', '0602020202', '161', 0, '2018-02-08', '0000-00-00', '0000-00-00', 62),
('062', '07', 'Roy', 'Margaux', '1998-08-31', '0202020202', '0602020202', '162', 0, '2018-02-08', '0000-00-00', '0000-00-00', 63),
('304', '2', 'Noël', 'Éléna', '1956-04-18', NULL, NULL, '305', 0, '0000-00-00', '0000-00-00', '0000-00-00', 2),
('311', '10', 'Picard', 'Alain', '1948-11-01', NULL, NULL, '312', 0, '0000-00-00', '0000-00-00', '0000-00-00', 3),
('315', '14', 'Lavanant', 'Jules', '1987-10-09', NULL, NULL, '311', 1, '0000-00-00', '0000-00-00', '0000-00-00', 4),
('318', '8', 'Papy', 'Jean-Michel', '1967-09-09', NULL, NULL, '302', 1, '0000-00-00', '0000-00-00', '0000-00-00', 5),
('322', '0', 'Tanguy', 'Philippe', '1999-03-31', NULL, NULL, '324', 0, '0000-00-00', '0000-00-00', '0000-00-00', 6),
('069', '14', 'Philippe', 'Elsa', '1952-06-02', NULL, NULL, '70', 0, '0000-00-00', '0000-00-00', '0000-00-00', 7),
('070', '0', 'Meunier', 'Carla', '2000-01-02', NULL, NULL, '71', 0, '0000-00-00', '0000-00-00', '0000-00-00', 8),
('071', '0', 'Leclercq', 'Léane', '2012-08-11', NULL, NULL, '72', 0, '0000-00-00', '0000-00-00', '0000-00-00', 9),
('072', '0', 'Jean', 'Capucine', '2002-06-30', NULL, NULL, '73', 0, '0000-00-00', '0000-00-00', '0000-00-00', 10),
('073', '0', 'Lacroix', 'Yasmine', '2002-07-12', NULL, NULL, '74', 0, '0000-00-00', '0000-00-00', '0000-00-00', 11),
('074', '05', 'Perez', 'Angelina', '2001-08-31', '0202020202', '0602020202', '174', 0, '2018-02-08', '0000-00-00', '0000-00-00', 12),
('075', '06', 'Fabre', 'Amélie', '2002-06-30', '0202020202', '0602020202', '175', 0, '2018-02-08', '0000-00-00', '0000-00-00', 13),
('076', '07', 'Marchand', 'élise', '2002-12-12', '0202020202', '0602020202', '176', 0, '2018-02-08', '0000-00-00', '0000-00-00', 14),
('077', '08', 'Dupuis', 'Salomé', '2001-01-31', '0202020202', '0602020202', '177', 0, '2018-02-08', '0000-00-00', '0000-00-00', 15),
('078', '09', 'Dufour', 'Sara', '2002-04-30', '0202020202', '0602020202', '178', 0, '2018-02-08', '0000-00-00', '0000-00-00', 16),
('079', '10', 'Olivier', 'Jasmine', '2002-09-12', '0202020202', '0602020202', '179', 0, '2018-02-08', '0000-00-00', '0000-00-00', 17),
('080', '11', 'Blanchard', 'Maële', '2001-08-07', '0202020202', '0602020202', '180', 0, '2018-02-08', '0000-00-00', '0000-00-00', 18),
('081', '12', 'Rodriguez', 'Lauriane', '2002-06-02', '0202020202', '0602020202', '181', 0, '2018-02-08', '0000-00-00', '0000-00-00', 19),
('082', '13', 'Marie', 'Katell', '2002-07-09', '0202020202', '0602020202', '182', 0, '2018-02-08', '0000-00-00', '0000-00-00', 20),
('083', '14', 'Da silva', 'Rosalie', '1999-08-11', '0202020202', '0602020202', '183', 0, '2018-02-08', '0000-00-00', '0000-00-00', 21),
('084', '01', 'Barbier', 'Guillemette', '1999-06-30', '0202020202', '0602020202', '184', 0, '2018-02-08', '0000-00-00', '0000-00-00', 22),
('085', '02', 'Hubert', 'Catherine', '1999-07-12', '0202020202', '0602020202', '185', 0, '2018-02-08', '0000-00-00', '0000-00-00', 23),
('086', '03', 'Brun', 'Lamia', '1998-08-31', '0202020202', '0602020202', '186', 0, '2018-02-08', '0000-00-00', '0000-00-00', 24),
('087', '04', 'Louis', 'Edwige', '1998-06-30', '0202020202', '0602020202', '187', 0, '2018-02-08', '0000-00-00', '0000-00-00', 25),
('088', '05', 'Dumas', 'Tatiana', '1998-12-12', '0202020202', '0602020202', '188', 0, '2018-02-08', '0000-00-00', '0000-00-00', 26),
('089', '06', 'Charles', 'Clotilde', '1997-01-31', '0202020202', '0602020202', '189', 0, '2018-02-08', '0000-00-00', '0000-00-00', 27),
('090', '07', 'Brunet', 'Françoise', '2003-04-30', '0202020202', '0602020202', '190', 0, '2018-02-08', '0000-00-00', '0000-00-00', 28),
('091', '08', 'Guillot', 'Yuna', '1994-09-12', '0202020202', '0602020202', '191', 0, '2018-02-08', '0000-00-00', '0000-00-00', 29),
('092', '09', 'Schmitt', 'Lutïcia', '1988-08-07', '0202020202', '0602020202', '192', 0, '2018-02-08', '0000-00-00', '0000-00-00', 30),
('093', '10', 'Riviere', 'Alexandra', '2011-06-02', '0202020202', '0602020202', '193', 0, '2018-02-08', '0000-00-00', '0000-00-00', 31),
('094', '11', 'Leroux', 'Syrine', '2013-01-02', '0202020202', '0602020202', '194', 0, '2018-02-08', '0000-00-00', '0000-00-00', 32),
('095', '12', 'Le gall', 'Nathalie', '2012-08-11', '0202020202', '0602020202', '195', 0, '2018-02-08', '0000-00-00', '0000-00-00', 33),
('096', '13', 'Colin', 'Rose', '2002-06-30', '0202020202', '0602020202', '196', 0, '2018-02-08', '0000-00-00', '0000-00-00', 34),
('097', '14', 'Guillaume', 'Hélène', '2002-07-12', '0202020202', '0602020202', '197', 0, '2018-02-08', '0000-00-00', '0000-00-00', 35),
('098', '01', 'Fernandez', 'Claudie', '2001-08-31', '0202020202', '0602020202', '198', 0, '2018-02-08', '0000-00-00', '0000-00-00', 36),
('099', '02', 'Adam', 'Valérie', '2002-06-30', '0202020202', '0602020202', '199', 0, '2018-02-08', '0000-00-00', '0000-00-00', 37),
('100', '03', 'Pierre', 'Lucas', '2002-12-12', '0202020202', '0602020202', '200', 0, '2018-02-08', '0000-00-00', '0000-00-00', 38),
('101', '04', 'Rey', 'Mattéo', '2001-01-31', '0202020202', '0602020202', '201', 0, '2018-02-08', '0000-00-00', '0000-00-00', 39),
('102', '05', 'Renard', 'Léo', '2002-04-30', '0202020202', '0602020202', '202', 0, '2018-02-08', '0000-00-00', '0000-00-00', 40),
('103', '06', 'Moulin', 'Evan', '2002-09-12', '0202020202', '0602020202', '203', 0, '2018-02-08', '0000-00-00', '0000-00-00', 41),
('104', '07', 'Arnaud', 'Louis', '2001-08-07', '0202020202', '0602020202', '204', 0, '2018-02-08', '0000-00-00', '0000-00-00', 42),
('105', '08', 'Gonzalez', 'Tom', '2002-06-02', '0202020202', '0602020202', '205', 0, '2018-02-08', '0000-00-00', '0000-00-00', 43),
('106', '09', 'Rolland', 'Maxime', '2002-07-09', '0202020202', '0602020202', '206', 0, '2018-02-08', '0000-00-00', '0000-00-00', 44),
('107', '10', 'Berger', 'Arthur', '1999-08-11', '0202020202', '0602020202', '207', 0, '2018-02-08', '0000-00-00', '0000-00-00', 45),
('108', '11', 'Caron', 'Thomas', '1999-06-30', '0202020202', '0602020202', '208', 0, '2018-02-08', '0000-00-00', '0000-00-00', 46),
('109', '12', 'Lecomte', 'Yanis', '1999-07-12', '0202020202', '0602020202', '209', 0, '2018-02-08', '0000-00-00', '0000-00-00', 47),
('110', '13', 'Aubert', 'Alexandre', '1998-08-31', '0202020202', '0602020202', '210', 0, '2018-02-08', '0000-00-00', '0000-00-00', 48),
('111', '14', 'Menard', 'Théo', '1998-06-30', '0202020202', '0602020202', '211', 0, '2018-02-08', '0000-00-00', '0000-00-00', 49),
('112', '01', 'Giraud', 'Hugo', '1998-12-12', '0202020202', '0602020202', '212', 0, '2018-02-08', '0000-00-00', '0000-00-00', 50),
('113', '02', 'Fleury', 'Enzo', '1997-01-31', '0202020202', '0602020202', '213', 0, '2018-02-08', '0000-00-00', '0000-00-00', 51),
('114', '03', 'Leclerc', 'Nathan', '2003-04-30', '0202020202', '0602020202', '214', 0, '2018-02-08', '0000-00-00', '0000-00-00', 52),
('115', '04', 'Deschamps', 'Antoine', '1994-09-12', '0202020202', '0602020202', '215', 0, '2018-02-08', '0000-00-00', '0000-00-00', 53),
('116', '05', 'Vidal', 'Gabriel', '1988-08-07', '0202020202', '0602020202', '216', 0, '2018-02-08', '0000-00-00', '0000-00-00', 54),
('117', '06', 'Carpentier', 'Clément', '2011-06-02', '0202020202', '0602020202', '217', 0, '2018-02-08', '0000-00-00', '0000-00-00', 55),
('118', '07', 'Julien', 'Florentin', '2013-01-02', '0202020202', '0602020202', '218', 0, '2018-02-08', '0000-00-00', '0000-00-00', 56),
('119', '08', 'Le goff', 'Jules', '2012-08-11', '0202020202', '0602020202', '219', 0, '2018-02-08', '0000-00-00', '0000-00-00', 57),
('120', '09', 'Benoit', 'Baptiste', '2002-06-30', '0202020202', '0602020202', '220', 0, '2018-02-08', '0000-00-00', '0000-00-00', 58),
('121', '10', 'Boucher', 'Paul', '2002-07-12', '0202020202', '0602020202', '221', 0, '2018-02-08', '0000-00-00', '0000-00-00', 59),
('122', '11', 'Paris', 'Alexis', '2001-08-31', '0202020202', '0602020202', '222', 0, '2018-02-08', '0000-00-00', '0000-00-00', 60),
('123', '12', 'Bailly', 'Noah', '2002-06-30', '0202020202', '0602020202', '223', 0, '2018-02-08', '0000-00-00', '0000-00-00', 61),
('124', '13', 'Maillard', 'Mathis', '2002-12-12', '0202020202', '0602020202', '224', 0, '2018-02-08', '0000-00-00', '0000-00-00', 62),
('125', '14', 'Boulanger', 'Ethan', '2001-01-31', '0202020202', '0602020202', '225', 0, '2018-02-08', '0000-00-00', '0000-00-00', 63),
('201', '5', 'Marchal', 'Quentin', '0000-00-00', NULL, NULL, '301', 1, '0000-00-00', '0000-00-00', '0000-00-00', 1),
('305', '11', 'Collin', 'Maxance', '1985-02-06', NULL, NULL, '306', 1, '0000-00-00', '0000-00-00', '0000-00-00', 2),
('312', '0', 'Graveleau', 'Pierre', '0000-00-00', NULL, NULL, '313', 1, '0000-00-00', '0000-00-00', '0000-00-00', 3),
('313', '2', 'Hamon', 'André', '1998-01-02', NULL, NULL, '308', 0, '0000-00-00', '0000-00-00', '0000-00-00', 4),
('317', '5', 'Pasquier', 'Corinne', '1975-12-06', '', '', '304', 1, '0000-00-00', '0000-00-00', '0000-00-00', 5),
('321', '0', 'Lucas', 'Cloé', '1999-09-04', NULL, NULL, '322', 0, '0000-00-00', '0000-00-00', '0000-00-00', 6),
('132', '0', 'Le roux', 'Adam', '1999-06-30', NULL, NULL, '133', 0, '0000-00-00', '0000-00-00', '0000-00-00', 7),
('133', '0', 'Poulain', 'Victor', '1999-07-12', NULL, NULL, '134', 0, '0000-00-00', '0000-00-00', '0000-00-00', 8),
('134', '0', 'Renault', 'Mohamed', '1998-08-31', NULL, NULL, '135', 0, '0000-00-00', '0000-00-00', '0000-00-00', 9),
('135', '10', 'Etienne', 'Nicolas', '1998-06-30', NULL, NULL, '136', 0, '0000-00-00', '0000-00-00', '0000-00-00', 10),
('136', '11', 'Jacquet', 'Nolan', '1998-12-12', NULL, NULL, '137', 0, '0000-00-00', '0000-00-00', '0000-00-00', 11),
('137', '12', 'Lebrun', 'Timéo', '1997-01-31', '0202020202', '0602020202', '237', 0, '2018-02-08', '0000-00-00', '0000-00-00', 12),
('138', '13', 'Collet', 'Mathieu', '2003-04-30', '0202020202', '0602020202', '238', 0, '2018-02-08', '0000-00-00', '0000-00-00', 13),
('139', '14', 'Daniel', 'Tristan', '1994-09-12', '0202020202', '0602020202', '239', 0, '2018-02-08', '0000-00-00', '0000-00-00', 14),
('140', '01', 'Prevost', 'Anthony', '1988-08-07', '0202020202', '0602020202', '240', 0, '2018-02-08', '0000-00-00', '0000-00-00', 15),
('141', '02', 'Pereira', 'Antonin', '2011-06-02', '0202020202', '0602020202', '241', 0, '2018-02-08', '0000-00-00', '0000-00-00', 16),
('142', '03', 'Poirier', 'Lorenzo', '2013-01-02', '0202020202', '0602020202', '242', 0, '2018-02-08', '0000-00-00', '0000-00-00', 17),
('143', '04', 'Pasquier', 'Gabin', '2012-08-11', '0202020202', '0602020202', '243', 0, '2018-02-08', '0000-00-00', '0000-00-00', 18),
('144', '05', 'Charpentier', 'Jérémy', '2002-06-30', '0202020202', '0602020202', '244', 0, '2018-02-08', '0000-00-00', '0000-00-00', 19),
('145', '06', 'Cordier', 'Dylan', '2002-07-12', '0202020202', '0602020202', '245', 0, '2018-02-08', '0000-00-00', '0000-00-00', 20),
('146', '07', 'Royer', 'Kevin', '2001-08-31', '0202020202', '0602020202', '246', 0, '2018-02-08', '0000-00-00', '0000-00-00', 21),
('147', '08', 'Humbert', 'Constant', '2002-06-30', '0202020202', '0602020202', '245', 0, '2018-02-08', '0000-00-00', '0000-00-00', 22),
('148', '09', 'Huet', 'Esteban', '2002-12-12', '0202020202', '0602020202', '248', 0, '2018-02-08', '0000-00-00', '0000-00-00', 23),
('149', '10', 'Gillet', 'Dorian', '2001-01-31', '0202020202', '0602020202', '249', 0, '2018-02-08', '0000-00-00', '0000-00-00', 24),
('150', '11', 'Baron', 'Diego', '2002-04-30', '0202020202', '0602020202', '250', 0, '2018-02-08', '0000-00-00', '0000-00-00', 26),
('151', '12', 'Bouvier', 'Kyllian', '2002-09-12', '0202020202', '0602020202', '251', 0, '2018-02-08', '0000-00-00', '0000-00-00', 27),
('152', '13', 'Dupuy', 'Samuel', '2001-08-07', '0202020202', '0602020202', '252', 0, '2018-02-08', '0000-00-00', '0000-00-00', 28),
('153', '14', 'Leveque', 'Florian', '2002-06-02', '0202020202', '0602020202', '253', 0, '2018-02-08', '0000-00-00', '0000-00-00', 29),
('154', '01', 'Pons', 'Thibault', '2002-07-09', '0202020202', '0602020202', '254', 0, '2018-02-08', '0000-00-00', '0000-00-00', 30),
('155', '02', 'Albert', 'Adrien', '1999-08-11', '0202020202', '0602020202', '255', 0, '2018-02-08', '0000-00-00', '0000-00-00', 31),
('156', '03', 'Paul', 'Benjamin', '1999-06-30', '0202020202', '0602020202', '256', 0, '2018-02-08', '0000-00-00', '0000-00-00', 32),
('157', '04', 'Ferreira', 'Corentin', '1999-07-12', '0202020202', '0602020202', '257', 0, '2018-02-08', '0000-00-00', '0000-00-00', 33),
('158', '05', 'Laine', 'Eric', '1998-08-31', '0202020202', '0602020202', '258', 0, '2018-02-08', '0000-00-00', '0000-00-00', 34),
('159', '06', 'Jacob', 'Kylian', '1998-06-30', '0202020202', '0602020202', '259', 0, '2018-02-08', '0000-00-00', '0000-00-00', 35),
('160', '07', 'Carre', 'Mehdi', '1998-12-12', '0202020202', '0602020202', '260', 0, '2018-02-08', '0000-00-00', '0000-00-00', 36),
('161', '08', 'Germain', 'Noé', '1997-01-31', '0202020202', '0602020202', '261', 0, '2018-02-08', '0000-00-00', '0000-00-00', 37),
('162', '09', 'Breton', 'Rémi', '2003-04-30', '0202020202', '0602020202', '262', 0, '2018-02-08', '0000-00-00', '0000-00-00', 38),
('163', '10', 'Klein', 'Simon', '1994-09-12', '0202020202', '0602020202', '263', 0, '2018-02-08', '0000-00-00', '0000-00-00', 39),
('164', '11', 'Remy', 'Titouan', '1988-08-07', '0202020202', '0602020202', '264', 0, '2018-02-08', '0000-00-00', '0000-00-00', 40),
('165', '12', 'Millet', 'Robin', '2011-06-02', '0202020202', '0602020202', '265', 0, '2018-02-08', '0000-00-00', '0000-00-00', 41),
('166', '13', 'Schneider', 'Bastien', '2013-01-02', '0202020202', '0602020202', '266', 0, '2018-02-08', '0000-00-00', '0000-00-00', 42),
('167', '14', 'Weber', 'Kilian', '2012-08-11', '0202020202', '0602020202', '267', 0, '2018-02-08', '0000-00-00', '0000-00-00', 43),
('168', '01', 'Perrot', 'Killian', '2002-06-30', '0202020202', '0602020202', '268', 0, '2018-02-08', '0000-00-00', '0000-00-00', 44),
('169', '02', 'Gomez', 'Lilian', '2002-07-12', '0202020202', '0602020202', '269', 0, '2018-02-08', '0000-00-00', '0000-00-00', 45),
('170', '03', 'Guyot', 'Martin', '2001-08-31', '0202020202', '0602020202', '270', 0, '2018-02-08', '0000-00-00', '0000-00-00', 46),
('171', '04', 'Marechal', 'Amine', '2002-06-30', '0202020202', '0602020202', '271', 0, '2018-02-08', '0000-00-00', '0000-00-00', 47),
('172', '05', 'Barre', 'Guillaume', '2002-12-12', '0202020202', '0602020202', '272', 0, '2018-02-08', '0000-00-00', '0000-00-00', 48),
('173', '06', 'Gay', 'Léonard', '2001-01-31', '0202020202', '0602020202', '273', 0, '2018-02-08', '0000-00-00', '0000-00-00', 49),
('174', '07', 'Marty', 'Malo', '2002-04-30', '0202020202', '0602020202', '274', 0, '2018-02-08', '0000-00-00', '0000-00-00', 50),
('175', '08', 'Chevallier', 'élouan', '2002-09-12', '0202020202', '0602020202', '275', 0, '2018-02-08', '0000-00-00', '0000-00-00', 51),
('176', '09', 'Cousin', 'Davy', '2001-08-07', '0202020202', '0602020202', '276', 0, '2018-02-08', '0000-00-00', '0000-00-00', 52),
('177', '10', 'Mallet', 'Léon', '2002-06-02', '0202020202', '0602020202', '277', 0, '2018-02-08', '0000-00-00', '0000-00-00', 53),
('178', '11', 'Lesage', 'Renaud', '2002-07-09', '0202020202', '0602020202', '278', 0, '2018-02-08', '0000-00-00', '0000-00-00', 54),
('179', '12', 'Levy', 'Bruno', '1999-08-11', '0202020202', '0602020202', '279', 0, '2018-02-08', '0000-00-00', '0000-00-00', 55),
('180', '13', 'Bertin', 'Timothée', '1999-06-30', '0202020202', '0602020202', '280', 0, '2018-02-08', '0000-00-00', '0000-00-00', 56),
('181', '14', 'Marion', 'Félix', '1999-07-12', '0202020202', '0602020202', '281', 0, '2018-02-08', '0000-00-00', '0000-00-00', 57),
('182', '01', 'Leblanc', 'Roméo', '1998-08-31', '0202020202', '0602020202', '282', 0, '2018-02-08', '0000-00-00', '0000-00-00', 58),
('183', '02', 'Dupond', 'Yohan', '1998-06-30', '0202020202', '0602020202', '283', 0, '2018-02-08', '0000-00-00', '0000-00-00', 59),
('184', '03', 'Alexandre', 'Gilbert', '1998-12-12', '0202020202', '0602020202', '284', 0, '2018-02-08', '0000-00-00', '0000-00-00', 60),
('185', '04', 'Joubert', 'Colin', '1997-01-31', '0202020202', '0602020202', '285', 0, '2018-02-08', '0000-00-00', '0000-00-00', 61),
('186', '05', 'Gonéalves', 'Marwane', '2003-04-30', '0202020202', '0602020202', '286', 0, '2018-02-08', '0000-00-00', '0000-00-00', 62),
('187', '06', 'Rossi', 'Gaspard', '1994-09-12', '0202020202', '0602020202', '287', 0, '2018-02-08', '0000-00-00', '0000-00-00', 63),
('307', '0', 'Jacques', 'Émilie', '1988-11-04', NULL, NULL, '307', 1, '0000-00-00', '0000-00-00', '0000-00-00', 2),
('314', '3', 'Dupond', 'Grégoire', '1969-07-31', NULL, NULL, '315', 1, '0000-00-00', '0000-00-00', '0000-00-00', 3),
('306', '0', 'Le Ray', 'Cédric', '0000-00-00', NULL, NULL, '317', 1, '0000-00-00', '0000-00-00', '0000-00-00', 4),
('320', '0', 'Faure', 'Lola', '1978-12-31', NULL, NULL, '321', 0, '0000-00-00', '0000-00-00', '0000-00-00', 6),
('194', '13', 'Rodrigues', 'Fabrice', '2001-08-31', NULL, NULL, '195', 0, '0000-00-00', '0000-00-00', '0000-00-00', 7),
('195', '14', 'Guichard', 'David', '2002-06-30', NULL, NULL, '196', 0, '0000-00-00', '0000-00-00', '0000-00-00', 8),
('197', '02', 'Fernandes', 'Rayane', '2001-01-31', '0202020202', '0602020202', '297', 0, '2018-02-08', '0000-00-00', '0000-00-00', 10),
('198', '0', 'Bouchet', 'Alban', '2002-04-30', NULL, NULL, '199', 0, '0000-00-00', '0000-00-00', '0000-00-00', 11),
('199', '04', 'Carlier', 'Dimitri', '2002-09-12', '0202020202', '0602020202', '299', 0, '2018-02-08', '0000-00-00', '0000-00-00', 12),
('1908', '0', 'Godal', 'Tristan', '1999-11-03', NULL, NULL, '1909', 0, '0000-00-00', '0000-00-00', '0000-00-00', 10),
('1', '11', 'Admin', 'SDIS', '2000-01-01', '298195730', '617977484', '12', 1, '0000-00-00', '0000-00-00', '0000-00-00', 1),
('20187', '11', 'Klein', 'Calvin', '1939-06-20', '245893101', '777116677', '300', 1, '0000-00-00', '0000-00-00', '0000-00-00', 1),
('316', '2', 'Le Scour', 'Jacques', '1959-09-02', '', '', '314', 0, '0000-00-00', '0000-00-00', '0000-00-00', 5),
('302', '4', 'Pouliquen', 'Julien', '1990-08-13', '987654321', '695847362', '20189', 1, '0000-00-00', '0000-00-00', '0000-00-00', 53),
('308', '0', 'Jacob', 'Jean', '0000-00-00', NULL, NULL, '309', 0, '0000-00-00', '0000-00-00', '0000-00-00', 2),
('310', '0', 'Le Gwen', 'Erwan', '1966-05-19', '', '', '316', 0, '0000-00-00', '0000-00-00', '0000-00-00', 4);

--
-- Déchargement des données de la table `profil`
--

INSERT INTO `profil` (`PROFIL_ID`, `PROFIL_LIBELLE`) VALUES
(1, 'SP'),
(2, 'CTA'),
(3, 'SF'),
(9, 'Admin');

--
-- Déchargement des données de la table `statut`
--

INSERT INTO `statut` (`STATUT_ID`, `STATUT_LIBELLE`) VALUES
(0, 'Volontaire'),
(1, 'Professionnel');

--
-- Déchargement des données de la table `valide`
--

INSERT INTO `valide` (`SP_MATRICULE`, `FOR_ID`) VALUES
('000', '6'),
('1', '11'),
('1', '6'),
('1', '8'),
('20187', '13'),
('302', '2');
COMMIT;

/*!40101 SET CHARACTER_SET_CLIENT=@OLD_CHARACTER_SET_CLIENT */;
/*!40101 SET CHARACTER_SET_RESULTS=@OLD_CHARACTER_SET_RESULTS */;
/*!40101 SET COLLATION_CONNECTION=@OLD_COLLATION_CONNECTION */;
